case_id,article_id,start,end,surface_text,is_range,value,range_low,range_high,unit,unit_norm,unit_category,linked_entity_start,linked_entity_end,linked_entity_surface,linked_entity_type,link_method,linked_entity_cui,linked_entity_id
PMC10106591_01,PMC10106591,236,243,2 weeks,False,2,,,weeks,weeks,time,212,222,chest pain,Symptom,same_sentence,C0008031,concept:C0008031
PMC10106591_01,PMC10106591,624,631,7 years,False,7,,,years,years,time,607,619,hypertension,Diagnosis,same_sentence,C0020538,concept:C0020538
PMC10106591_01,PMC10106591,686,692,150 mg,False,150,,,mg,mg,mass,655,672,antihypertensives,Treatment,same_sentence,C0003364,concept:C0003364
PMC10106591_01,PMC10106591,909,916,51 mmHg,False,51,,,mmHg,mmhg,pressure,890,904,blood pressure,Finding,same_sentence,C1271104,concept:C1271104
PMC10106591_01,PMC10106591,918,922,1 mm,False,1,,,mm,mm,length,890,904,blood pressure,Finding,same_sentence,C1271104,concept:C1271104
PMC10106591_01,PMC10106591,1027,1030,99%,False,99,,,%,%,percentage,1000,1006,oxygen,Treatment,same_sentence,C0030054,concept:C0030054
PMC10106591_01,PMC10106591,1619,1622,50%,False,50,,,%,%,percentage,1583,1612,ventricular ejection fraction,Exam,same_sentence,C0042508,concept:C0042508
PMC10106591_01,PMC10106591,1638,1641,55%,False,55,,,%,%,percentage,1583,1612,ventricular ejection fraction,Exam,same_sentence,C0042508,concept:C0042508
PMC10106591_01,PMC10106591,1642,1645,75%,False,75,,,%,%,percentage,1583,1612,ventricular ejection fraction,Exam,same_sentence,C0042508,concept:C0042508
PMC10106591_01,PMC10106591,1714,1725,0.016 ng/mL,False,0.016,,,ng/mL,ng/ml,lab_concentration,1583,1612,ventricular ejection fraction,Exam,window_fallback,C0042508,concept:C0042508
PMC10106591_01,PMC10106591,1741,1753,0-0.04 ng/mL,True,,0,0.04,ng/mL,ng/ml,lab_concentration,1583,1612,ventricular ejection fraction,Exam,window_fallback,C0042508,concept:C0042508
PMC10106591_01,PMC10106591,1788,1797,0.7 ng/mL,False,0.7,,,ng/mL,ng/ml,lab_concentration,,,,,none,,
PMC10106591_01,PMC10106591,1813,1824,0-5.0 ng/mL,True,,0,5.0,ng/mL,ng/ml,lab_concentration,,,,,none,,
PMC10106591_01,PMC10106591,1844,1854,14.1 ng/mL,False,14.1,,,ng/mL,ng/ml,lab_concentration,,,,,none,,
PMC10106591_01,PMC10106591,1870,1882,0-70.0 ng/mL,True,,0,70.0,ng/mL,ng/ml,lab_concentration,,,,,none,,
PMC10106591_01,PMC10106591,1975,1981,300 mg,False,300,,,mg,mg,mass,1898,1926,acute coronary syndrome (ACS,Diagnosis,same_sentence,C0948089,concept:C0948089
PMC10106591_01,PMC10106591,1998,2004,300 mg,False,300,,,mg,mg,mass,1966,1981,aspirin (300 mg,Treatment,same_sentence,C0983862,concept:C0983862
PMC10106591_01,PMC10106591,2406,2413,51 mmHg,False,51,,,mmHg,mmhg,pressure,2384,2395,hypotension,Finding,same_sentence,C0020649,concept:C0020649
PMC10106591_01,PMC10106591,2668,2672,5 mg,False,5,,,mg,mg,mass,2676,2685,diltiazem,Treatment,same_sentence_forward,C0012373,concept:C0012373
PMC10106591_01,PMC10106591,2857,2862,50 mg,False,50,,,mg,mg,mass,2866,2889,diltiazem hydrochloride,Treatment,same_sentence_forward,C0700579,concept:C0700579
PMC10106591_01,PMC10106591,2908,2912,5 mL,False,5,,,mL,ml,volume,2866,2889,diltiazem hydrochloride,Treatment,same_sentence,C0700579,concept:C0700579
PMC10106591_01,PMC10106591,3051,3054,20%,False,20,,,%,%,percentage,3059,3067,stenosis,Diagnosis,same_sentence_forward,C1261287,concept:C1261287
PMC10106591_01,PMC10106591,3055,3058,30%,False,30,,,%,%,percentage,3059,3067,stenosis,Diagnosis,same_sentence_forward,C1261287,concept:C1261287
PMC10106591_01,PMC10106591,3148,3151,30%,False,30,,,%,%,percentage,3109,3140,left anterior descending artery,BodyPart,same_sentence,C0226032,concept:C0226032
PMC10106591_01,PMC10106591,3196,3199,30%,False,30,,,%,%,percentage,3152,3160,stenosis,Diagnosis,same_sentence,C1261287,concept:C1261287
PMC10106591_01,PMC10106591,3262,3265,20%,False,20,,,%,%,percentage,3200,3208,stenosis,Diagnosis,same_sentence,C1261287,concept:C1261287
PMC10106591_01,PMC10106591,3769,3780,0.031 ng/mL,False,0.031,,,ng/mL,ng/ml,lab_concentration,3786,3789,ECG,Exam,same_sentence_forward,C1623258,concept:C1623258
PMC10106591_01,PMC10106591,3884,3889,90 mg,False,90,,,mg,mg,mass,3846,3855,diltiazem,Treatment,same_sentence,C0012373,concept:C0012373
PMC10106591_01,PMC10106591,3944,3950,100 mg,False,100,,,mg,mg,mass,3846,3855,diltiazem,Treatment,same_sentence,C0012373,concept:C0012373
PMC10106591_01,PMC10106591,4008,4013,20 mg,False,20,,,mg,mg,mass,3935,3950,"aspirin, 100 mg",Treatment,same_sentence,C1124475,concept:C1124475
PMC10106591_01,PMC10106591,4357,4365,3 months,False,3,,,months,months,time,4240,4250,chest pain,Symptom,window_fallback,C0008031,concept:C0008031
PMC10405809_01,PMC10405809,77,82,10 kg,False,10,,,kg,kg,mass,48,57,dysphagia,Diagnosis,same_sentence,C0011168,concept:C0011168
PMC10405809_01,PMC10405809,168,175,5 years,False,5,,,years,years,time,128,151,epigastric burning pain,Symptom,same_sentence,C0232494,concept:C0232494
PMC10405809_01,PMC10405809,878,882,3 cm,False,3,,,cm,cm,length,854,868,Barium swallow,Exam,same_sentence,C0203065,concept:C0203065
PMC10405809_01,PMC10405809,885,889,2 cm,False,2,,,cm,cm,length,854,868,Barium swallow,Exam,same_sentence,C0203065,concept:C0203065
PMC10405809_01,PMC10405809,1520,1525,20 cm,False,20,,,cm,cm,length,1477,1503,Esophagogastroduodenoscopy,Exam,same_sentence,C0079304,concept:C0079304
PMC10405809_01,PMC10405809,1722,1727,12 mm,False,12,,,mm,mm,length,1659,1666,dilated,Finding,same_sentence,C0700124,concept:C0700124
PMC10405809_01,PMC10405809,2494,2499,15 mm,False,15,,,mm,mm,length,2455,2473,balloon dilatation,Treatment,same_sentence,C0004704,concept:C0004704
PMC10405809_01,PMC10405809,2503,2510,4-weeks,False,4,,,weeks,weeks,time,2455,2473,balloon dilatation,Treatment,same_sentence,C0004704,concept:C0004704
PMC10405809_01,PMC10405809,2577,2582,20 mg,False,20,,,mg,mg,mass,2527,2537,dilatation,Diagnosis,same_sentence,C0012359,concept:C0012359
PMC10405809_01,PMC10405809,2624,2632,6 months,False,6,,,months,months,time,2606,2616,hematinics,Treatment,window_fallback,C0018928,concept:C0018928
PMC10405809_01,PMC10405809,2645,2649,7 kg,False,7,,,kg,kg,mass,2669,2683,feeds normally,Finding,same_sentence_forward,C0424871,concept:C0424871
PMC10434843_01,PMC10434843,414,421,2 years,False,2,,,years,years,time,403,413,right hand,BodyPart,same_sentence,C0230370,concept:C0230370
PMC10434843_01,PMC10434843,1964,1972,603 mg/l,False,603,,,mg/l,mg/l,lab_concentration,1942,1955,total protein,Exam,same_sentence,C0555903,concept:C0555903
PMC10434843_01,PMC10434843,2196,2201,33.7%,False,33.7,,,%,%,percentage,2182,2184,CD,Finding,same_sentence,C0332140,concept:C0332140
PMC10434843_01,PMC10434843,3145,3148,50%,False,50,,,%,%,percentage,3070,3098,motor nerve conduction block,Finding,same_sentence,C0429379,concept:C0429379
PMC10434843_01,PMC10434843,4874,4881,4 weeks,False,4,,,weeks,weeks,time,4863,4867,IVIG,Treatment,same_sentence,C0085297,concept:C0085297
PMC10434843_01,PMC10434843,5202,5209,3-month,False,3,,,month,month,time,5097,5102,wrist,BodyPart,same_sentence,C0043262,concept:C0043262
PMC10434843_01,PMC10434843,5484,5487,50%,False,50,,,%,%,percentage,5428,5456,motor nerve conduction block,Finding,same_sentence,C0429379,concept:C0429379
PMC10488652_01,PMC10488652,154,161,10 days,False,10,,,days,days,time,46,61,medical history,Finding,same_sentence,C0262926,concept:C0262926
PMC10488652_01,PMC10488652,1007,1015,6.2 g/dl,False,6.2,,,g/dl,g/dl,lab_concentration,973,981,dilution,Exam,same_sentence,C0079240,concept:C0079240
PMC10488652_01,PMC10488652,1028,1033,18.1%,False,18.1,,,%,%,percentage,1017,1027,hematocrit,Exam,same_sentence,C0018935,concept:C0018935
PMC10488652_01,PMC10488652,1362,1367,40 mg,False,40,,,mg,mg,mass,1335,1348,dexamethasone,Treatment,same_sentence,C0011777,concept:C0011777
PMC10488652_01,PMC10488652,1392,1398,4 days,False,4,,,days,days,time,1335,1348,dexamethasone,Treatment,same_sentence,C0011777,concept:C0011777
PMC10488652_01,PMC10488652,1435,1441,200 mg,False,200,,,mg,mg,mass,1403,1421,hydroxychloroquine,Treatment,same_sentence,C0020336,concept:C0020336
PMC10488652_01,PMC10488652,1766,1770,5 mg,False,5,,,mg,mg,mass,1742,1752,prednisone,Treatment,same_sentence,C0032952,concept:C0032952
PMC10488652_01,PMC10488652,1817,1823,200 mg,False,200,,,mg,mg,mass,1785,1803,hydroxychloroquine,Treatment,same_sentence,C0020336,concept:C0020336
PMC10488652_01,PMC10488652,1876,1882,500 mg,False,500,,,mg,mg,mass,1841,1862,mycophenolate mofetil,Treatment,same_sentence,C0209368,concept:C0209368
PMC10488652_01,PMC10488652,1889,1897,12 hours,False,12,,,hours,hours,time,1841,1862,mycophenolate mofetil,Treatment,same_sentence,C0209368,concept:C0209368
PMC10488652_01,PMC10488652,1939,1945,500 mg,False,500,,,mg,mg,mass,1841,1862,mycophenolate mofetil,Treatment,same_sentence,C0209368,concept:C0209368
PMC10488652_01,PMC10488652,1952,1959,8 hours,False,8,,,hours,hours,time,1841,1862,mycophenolate mofetil,Treatment,same_sentence,C0209368,concept:C0209368
PMC10521634_01,PMC10521634,326,328,4g,False,4,,,g,g,mass,319,324,5-ASA,Treatment,same_sentence,C0127615,concept:C0127615
PMC10521634_01,PMC10521634,713,721,11.5g/dl,False,11.5,,,g/dl,g/dl,lab_concentration,725,739,platelet count,Exam,same_sentence_forward,C0032181,concept:C0032181
PMC10521634_01,PMC10521634,771,777,5mg/dl,False,5,,,mg/dl,mg/dl,lab_concentration,725,739,platelet count,Exam,same_sentence,C0032181,concept:C0032181
PMC10521634_01,PMC10521634,889,895,300 mg,False,300,,,mg,mg,mass,870,880,infections,Diagnosis,same_sentence,C3714514,concept:C3714514
PMC10521634_01,PMC10521634,1006,1013,week 10,False,10,,,week,week,time,996,1000,LMWH,Treatment,window_fallback,C0019139,concept:C0019139
PMC10521634_01,PMC10521634,1152,1160,14 weeks,False,14,,,weeks,weeks,time,1127,1143,bloody discharge,Finding,window_fallback,C0333271,concept:C0333271
PMC10521634_01,PMC10521634,1340,1347,week 26,False,26,,,week,week,time,1317,1326,remission,Finding,window_fallback,C0544452,concept:C0544452
PMC10521634_01,PMC10521634,1945,1951,120 cm,False,120,,,cm,cm,length,1959,1964,colon,BodyPart,same_sentence_forward,C0009368,concept:C0009368
PMC10521634_01,PMC10521634,2431,2434,5mg,False,5,,,mg,mg,mass,2412,2422,biosimilar,Treatment,same_sentence,C4045974,concept:C4045974
PMC10521634_01,PMC10521634,3097,3104,4 weeks,False,4,,,weeks,weeks,time,3109,3112,add,Finding,same_sentence_forward,C5401128,concept:C5401128
PMC10521634_01,PMC10521634,3132,3137,2.5mg,False,2.5,,,mg,mg,mass,3113,3125,azathioprine,Treatment,same_sentence,C0004482,concept:C0004482
PMC10521634_01,PMC10521634,3203,3211,24 weeks,False,24,,,weeks,weeks,time,3192,3201,remission,Finding,window_fallback,C0544452,concept:C0544452
PMC11131390_01,PMC11131390,25,33,64 years,False,64,,,years,years,time,2,9,retired,Finding,same_sentence,C0035345,concept:C0035345
PMC11131390_01,PMC11131390,337,350,2.0-4.4 pg/mL,True,,2.0,4.4,pg/mL,pg/ml,lab_concentration,198,213,hyperthyroidism,Diagnosis,same_sentence,C0020550,concept:C0020550
PMC11131390_01,PMC11131390,485,494,16.3 IU/L,False,16.3,,,IU/L,iu/l,lab_concentration,389,408,thyroid eye disease,Diagnosis,window_fallback,C0339143,concept:C0339143
PMC11131390_01,PMC11131390,504,513,1.75 IU/L,False,1.75,,,IU/L,iu/l,lab_concentration,520,530,antibodies,Treatment,same_sentence_forward,C0003241,concept:C0003241
PMC11131390_01,PMC11131390,546,551,34 IU,False,34,,,IU,iu,dose_unit,520,530,antibodies,Treatment,same_sentence,C0003241,concept:C0003241
PMC11131390_01,PMC11131390,607,613,115 IU,False,115,,,IU,iu,dose_unit,580,590,antibodies,Treatment,same_sentence,C0003241,concept:C0003241
PMC11131390_01,PMC11131390,779,784,20 mg,False,20,,,mg,mg,mass,761,772,carbimazole,Treatment,same_sentence,C0006983,concept:C0006983
PMC11131390_01,PMC11131390,990,994,5 mg,False,5,,,mg,mg,mass,967,976,euthyroid,Finding,same_sentence,C0117002,concept:C0117002
PMC11131390_01,PMC11131390,1015,1024,15 months,False,15,,,months,months,time,967,976,euthyroid,Finding,same_sentence,C0117002,concept:C0117002
PMC11131390_01,PMC11131390,1153,1159,2.5 mg,False,2.5,,,mg,mg,mass,1073,1085,discontinued,Finding,same_sentence,C1444662,concept:C1444662
PMC11131390_01,PMC11131390,1168,1176,2 months,False,2,,,months,months,time,1073,1085,discontinued,Finding,same_sentence,C1444662,concept:C1444662
PMC11131390_01,PMC11131390,1239,1246,2 years,False,2,,,years,years,time,,,,,none,,
PMC11131390_01,PMC11131390,1550,1558,3.3 IU/L,False,3.3,,,IU/L,iu/l,lab_concentration,1478,1487,euthyroid,Finding,same_sentence,C0117002,concept:C0117002
PMC11131390_01,PMC11131390,1578,1586,4 months,False,4,,,months,months,time,1478,1487,euthyroid,Finding,window_fallback,C0117002,concept:C0117002
PMC11131390_01,PMC11131390,1634,1638,4 kg,False,4,,,kg,kg,mass,1639,1650,weight gain,Finding,same_sentence_forward,C0043094,concept:C0043094
PMC11131390_01,PMC11131390,1652,1660,67-71 kg,True,,67,71,kg,kg,mass,1639,1650,weight gain,Finding,same_sentence,C0043094,concept:C0043094
PMC11131390_01,PMC11131390,1867,1875,66 years,False,66,,,years,years,time,1854,1865,patient age,Finding,same_sentence,C4698447,concept:C4698447
PMC11131390_01,PMC11131390,1894,1899,71 kg,False,71,,,kg,kg,mass,1854,1865,patient age,Finding,same_sentence,C4698447,concept:C4698447
PMC11131390_01,PMC11131390,2187,2196,45 months,False,45,,,months,months,time,1964,1977,levothyroxine,Treatment,same_sentence,C0040165,concept:C0040165
PMC11131390_01,PMC11131390,2283,2291,0.8 IU/L,False,0.8,,,IU/L,iu/l,lab_concentration,,,,,none,,
PMC11131390_01,PMC11131390,2421,2429,4 months,False,4,,,months,months,time,2383,2397,hypothyroidism,Diagnosis,same_sentence,C0020676,concept:C0020676
PMC11259348_P1,PMC11259348,161,167,4 g/dL,False,4,,,g/dL,g/dl,lab_concentration,140,156,hemoglobin level,Exam,same_sentence,C0019029,concept:C0019029
PMC11259348_P1,PMC11259348,2599,2602,50%,False,50,,,%,%,percentage,,,,,none,,
PMC11259348_P1,PMC11259348,3055,3058,50%,False,50,,,%,%,percentage,2859,2863,"2, P",Treatment,same_sentence,C0608663,concept:C0608663
PMC11259348_P1,PMC11259348,3241,3244,50%,False,50,,,%,%,percentage,3189,3196,a group,Finding,same_sentence,C4522145,concept:C4522145
PMC11259348_P1,PMC11259348,3442,3448,30 min,False,30,,,min,min,time,3449,3466,incubation period,Finding,same_sentence_forward,C1320226,concept:C1320226
PMC11345641_01,PMC11345641,736,742,289U/L,False,289,,,U/L,u/l,lab_concentration,680,707,serum lactate dehydrogenase,Exam,same_sentence,C1278052,concept:C1278052
PMC11345641_01,PMC11345641,859,864,8.4cm,False,8.4,,,cm,cm,length,832,838,uterus,BodyPart,same_sentence,C0042149,concept:C0042149
PMC11345641_01,PMC11345641,988,992,15mm,False,15,,,mm,mm,length,974,984,thickening,Finding,same_sentence,C0205400,concept:C0205400
PMC11345641_01,PMC11345641,1152,1158,12.6cm,False,12.6,,,cm,cm,length,1104,1117,anterior wall,BodyPart,same_sentence,C0227225,concept:C0227225
PMC11345641_01,PMC11345641,1165,1168,80%,False,80,,,%,%,percentage,1104,1117,anterior wall,BodyPart,same_sentence,C0227225,concept:C0227225
PMC11345641_01,PMC11345641,1657,1662,12 cm,False,12,,,cm,cm,length,1629,1637,fibroids,Diagnosis,same_sentence,C0042133,concept:C0042133
PMC11345641_01,PMC11345641,2352,2358,7.8 cm,False,7.8,,,cm,cm,length,2204,2219,ultrasonography,Exam,same_sentence,C0041618,concept:C0041618
PMC11345641_01,PMC11345641,2776,2783,340 U/L,False,340,,,U/L,u/l,lab_concentration,2717,2725,Serum CA,Exam,same_sentence,C0728876,concept:C0728876
PMC11345641_01,PMC11345641,3035,3039,5 cm,False,5,,,cm,cm,length,2983,2999,limited mobility,Finding,window_fallback,C0518456,concept:C0518456
PMC11345641_01,PMC11345641,3338,3343,20 cm,False,20,,,cm,cm,length,3313,3320,surgery,Treatment,same_sentence,C0543467,concept:C0543467
PMC11345641_01,PMC11345641,3666,3670,3 cm,False,3,,,cm,cm,length,3653,3659,tumors,Diagnosis,same_sentence,C0027651,concept:C0027651
PMC11345641_01,PMC11345641,3763,3767,7 cm,False,7,,,cm,cm,length,3750,3756,tumors,Diagnosis,same_sentence,C0027651,concept:C0027651
PMC11345641_01,PMC11345641,3867,3871,4 cm,False,4,,,cm,cm,length,3821,3832,lymph nodes,BodyPart,same_sentence,C0024204,concept:C0024204
PMC11368112_01,PMC11368112,26,31,2-day,False,2,,,day,day,time,43,58,chest tightness,Symptom,same_sentence_forward,C0232292,concept:C0232292
PMC11368112_01,PMC11368112,532,535,85%,False,85,,,%,%,percentage,405,422,rapid respiration,Finding,window_fallback,C0231835,concept:C0231835
PMC11368112_01,PMC11368112,542,549,65 mg/L,False,65,,,mg/L,mg/l,lab_concentration,405,422,rapid respiration,Finding,window_fallback,C0231835,concept:C0231835
PMC11368112_01,PMC11368112,556,561,55 mm,False,55,,,mm,mm,length,405,422,rapid respiration,Finding,window_fallback,C0231835,concept:C0231835
PMC11368112_01,PMC11368112,578,588,26.12 mg/L,False,26.12,,,mg/L,mg/l,lab_concentration,,,,,none,,
PMC11368112_01,PMC11368112,1783,1787,3 cm,False,3,,,cm,cm,length,1725,1737,intracardiac,BodyPart,window_fallback,C0729936,concept:C0729936
PMC11368112_01,PMC11368112,2280,2290,0.2-0.8 cm,True,,0.2,0.8,cm,cm,length,2263,2278,multiple ulcers,Diagnosis,same_sentence,C1265815,concept:C1265815
PMC11368112_01,PMC11368112,2966,2971,80 mg,False,80,,,mg,mg,mass,2944,2962,methylprednisolone,Treatment,same_sentence,C0025815,concept:C0025815
PMC11368112_01,PMC11368112,3000,3005,60 mg,False,60,,,mg,mg,mass,2944,2962,methylprednisolone,Treatment,same_sentence,C0025815,concept:C0025815
PMC11368112_01,PMC11368112,3043,3047,5 mg,False,5,,,mg,mg,mass,3032,3039,reduced,Finding,same_sentence,C0392756,concept:C0392756
PMC11368112_01,PMC11368112,3064,3068,5 mg,False,5,,,mg,mg,mass,3032,3039,reduced,Finding,same_sentence,C0392756,concept:C0392756
PMC11368112_01,PMC11368112,3093,3099,200 mg,False,200,,,mg,mg,mass,3077,3089,cyclosporine,Treatment,same_sentence,C0010592,concept:C0010592
PMC11368112_01,PMC11368112,3330,3337,14 days,False,14,,,days,days,time,,,,,none,,
PMC11420039_01,PMC11420039,143,150,2 weeks,False,2,,,weeks,weeks,time,87,92,limbs,BodyPart,same_sentence,C0015385,concept:C0015385
PMC11420039_01,PMC11420039,609,616,1000 cm,False,1000,,,cm,cm,length,503,514,lower limbs,BodyPart,window_fallback,C0023216,concept:C0023216
PMC11420039_01,PMC11420039,659,665,200 cm,False,200,,,cm,cm,length,503,514,lower limbs,BodyPart,window_fallback,C0023216,concept:C0023216
PMC11420039_01,PMC11420039,1305,1310,40 mg,False,40,,,mg,mg,mass,1196,1204,antibody,Treatment,window_fallback,C0003241,concept:C0003241
PMC11420039_01,PMC11420039,1414,1419,20 mg,False,20,,,mg,mg,mass,1349,1367,methylprednisolone,Treatment,same_sentence,C0025815,concept:C0025815
PMC11420039_01,PMC11420039,1439,1444,16 mg,False,16,,,mg,mg,mass,1349,1367,methylprednisolone,Treatment,same_sentence,C0025815,concept:C0025815
PMC11420039_01,PMC11420039,1838,1843,16 mg,False,16,,,mg,mg,mass,1796,1814,methylprednisolone,Treatment,same_sentence,C0025815,concept:C0025815
PMC11420039_01,PMC11420039,1863,1868,12 mg,False,12,,,mg,mg,mass,1796,1814,methylprednisolone,Treatment,same_sentence,C0025815,concept:C0025815
PMC11420039_01,PMC11420039,1987,1993,600 mg,False,600,,,mg,mg,mass,1920,1929,Dupilumab,Treatment,same_sentence,C3660996,concept:C3660996
PMC11420039_01,PMC11420039,1995,2001,300 mg,False,300,,,mg,mg,mass,1920,1929,Dupilumab,Treatment,same_sentence,C3660996,concept:C3660996
PMC11420039_01,PMC11420039,2031,2037,300 mg,False,300,,,mg,mg,mass,1920,1929,Dupilumab,Treatment,same_sentence,C3660996,concept:C3660996
PMC11420039_01,PMC11420039,3297,3301,4 mg,False,4,,,mg,mg,mass,3286,3293,reduced,Finding,same_sentence,C0392756,concept:C0392756
PMC11420039_01,PMC11420039,4541,4545,20 g,False,20,,,g,g,mass,4476,4496,Human immunoglobulin,Treatment,same_sentence,C0358321,concept:C0358321
PMC11420039_01,PMC11420039,4708,4714,1.6 mg,False,1.6,,,mg,mg,mass,4682,4704,subcutaneous injection,Treatment,same_sentence,C0021499,concept:C0021499
PMC11420039_01,PMC11420039,4719,4725,1 week,False,1,,,week,week,time,4682,4704,subcutaneous injection,Treatment,same_sentence,C0021499,concept:C0021499
PMC11722600_01,PMC11722600,232,238,day 20,False,20,,,day,day,time,197,210,genitourinary,BodyPart,window_fallback,C3887515,concept:C3887515
PMC11722600_01,PMC11722600,650,657,55 mg/L,False,55,,,mg/L,mg/l,lab_concentration,616,619,mm3,Finding,same_sentence,C3842088,concept:C3842088
PMC11722600_01,PMC11722600,663,669,5 mg/L,False,5,,,mg/L,mg/l,lab_concentration,616,619,mm3,Finding,same_sentence,C3842088,concept:C3842088
PMC11722600_01,PMC11722600,706,711,29 mm,False,29,,,mm,mm,length,672,697,erythrocyte sedimentation,Exam,same_sentence,C0005833,concept:C0005833
PMC11722600_01,PMC11722600,718,725,3-20 mm,True,,3,20,mm,mm,length,672,697,erythrocyte sedimentation,Exam,same_sentence,C0005833,concept:C0005833
PMC11722600_01,PMC11722600,991,995,8 mm,False,8,,,mm,mm,length,972,980,appendix,BodyPart,same_sentence,C0003617,concept:C0003617
PMC11722600_01,PMC11722600,1074,1078,4 cm,False,4,,,cm,cm,length,1052,1063,right ovary,BodyPart,same_sentence,C0227873,concept:C0227873
PMC11722600_01,PMC11722600,2256,2263,6 month,False,6,,,month,month,time,2240,2250,malignancy,Diagnosis,window_fallback,C0006826,concept:C0006826
PMC11722600_02,PMC11722600,750,757,85 mg/L,False,85,,,mg/L,mg/l,lab_concentration,737,740,mm3,Finding,same_sentence,C3842088,concept:C3842088
PMC11722600_02,PMC11722600,763,770,5 mg/dL,False,5,,,mg/dL,mg/dl,lab_concentration,737,740,mm3,Finding,same_sentence,C3842088,concept:C3842088
PMC11722600_02,PMC11722600,906,911,17 mm,False,17,,,mm,mm,length,887,895,appendix,BodyPart,same_sentence,C0003617,concept:C0003617
PMC11722600_02,PMC11722600,1782,1788,7 days,False,7,,,days,days,time,1639,1645,pelvis,BodyPart,window_fallback,C0030797,concept:C0030797
PMC11722600_02,PMC11722600,1967,1975,6 months,False,6,,,months,months,time,1979,1991,follow-up CT,Exam,same_sentence_forward,C0202657,concept:C0202657
PMC11722600_02,PMC11722600,2522,2528,2.5 cm,False,2.5,,,cm,cm,length,2481,2489,appendix,BodyPart,same_sentence,C0003617,concept:C0003617
PMC11722600_02,PMC11722600,2553,2558,45 mm,False,45,,,mm,mm,length,2481,2489,appendix,BodyPart,same_sentence,C0003617,concept:C0003617
PMC11723754_01,PMC11723754,295,298,3cm,False,3,,,cm,cm,length,276,289,sacral region,BodyPart,same_sentence,C0036033,concept:C0036033
PMC11723754_01,PMC11723754,1101,1106,7g/dl,False,7,,,g/dl,g/dl,lab_concentration,1071,1082,transfusion,Treatment,same_sentence,C1879316,concept:C1879316
PMC11723754_01,PMC11723754,1232,1237,day 3,False,3,,,day,day,time,1214,1227,Noradrenaline,Treatment,window_fallback,C0028351,concept:C0028351
PMC11783470_01,PMC11783470,419,428,11.5 g/dL,False,11.5,,,g/dL,g/dl,lab_concentration,430,452,transferrin saturation,Exam,same_sentence_forward,C1277709,concept:C1277709
PMC11783470_01,PMC11783470,453,458,12.8%,False,12.8,,,%,%,percentage,430,452,transferrin saturation,Exam,same_sentence,C1277709,concept:C1277709
PMC11783470_01,PMC11783470,469,478,200 ng/mL,False,200,,,ng/mL,ng/ml,lab_concentration,460,468,ferritin,Treatment,same_sentence,C0015879,concept:C0015879
PMC11783470_01,PMC11783470,489,498,76 mcg/dL,False,76,,,mcg/dL,mcg/dl,lab_concentration,484,488,iron,Treatment,same_sentence,C0302583,concept:C0302583
PMC11783470_01,PMC11783470,568,571,20%,False,20,,,%,%,percentage,544,566,transferrin saturation,Exam,same_sentence,C1277709,concept:C1277709
PMC11783470_01,PMC11783470,731,735,7-mm,False,7,,,mm,mm,length,743,749,lesion,Finding,same_sentence_forward,C0221198,concept:C0221198
PMC11783470_01,PMC11783470,1661,1669,3 months,False,3,,,months,months,time,1690,1700,recurrence,Diagnosis,same_sentence_forward,C2825055,concept:C2825055
PMC12215201_01,PMC12215201,129,137,2 months,False,2,,,months,months,time,40,60,past medical history,Finding,same_sentence,C0455458,concept:C0455458
PMC12215201_01,PMC12215201,850,858,6.1 g/dL,False,6.1,,,g/dL,g/dl,lab_concentration,860,874,platelet count,Exam,same_sentence_forward,C0032181,concept:C0032181
PMC12215201_01,PMC12215201,905,914,3.2 mg/dL,False,3.2,,,mg/dL,mg/dl,lab_concentration,889,904,total bilirubin,Exam,same_sentence,C0201913,concept:C0201913
PMC12215201_01,PMC12215201,937,945,315 IU/L,False,315,,,IU/L,iu/l,lab_concentration,889,904,total bilirubin,Exam,same_sentence,C0201913,concept:C0201913
PMC12215201_01,PMC12215201,951,959,305 IU/L,False,305,,,IU/L,iu/l,lab_concentration,889,904,total bilirubin,Exam,same_sentence,C0201913,concept:C0201913
PMC12215201_01,PMC12215201,965,973,209 IU/L,False,209,,,IU/L,iu/l,lab_concentration,889,904,total bilirubin,Exam,same_sentence,C0201913,concept:C0201913
PMC12215201_01,PMC12215201,987,995,2.6 g/dL,False,2.6,,,g/dL,g/dl,lab_concentration,979,986,albumin,Treatment,same_sentence,C5966160,concept:C5966160
PMC12215201_01,PMC12215201,1119,1125,2.1 cm,False,2.1,,,cm,cm,length,1067,1072,liver,BodyPart,same_sentence,C0023884,concept:C0023884
PMC12215201_01,PMC12215201,1273,1279,4.6 cm,False,4.6,,,cm,cm,length,1193,1204,very little,Finding,same_sentence,C3844126,concept:C3844126
PMC12215201_01,PMC12215201,1965,1971,1 g/dL,False,1,,,g/dL,g/dl,lab_concentration,1913,1919,bloody,Finding,window_fallback,C4554530,concept:C4554530
PMC12215201_01,PMC12215201,1976,1982,2 g/dL,False,2,,,g/dL,g/dl,lab_concentration,2002,2009,albumin,Treatment,same_sentence_forward,C5966160,concept:C5966160
PMC12215201_01,PMC12215201,2029,2035,1 g/dL,False,1,,,g/dL,g/dl,lab_concentration,2002,2009,albumin,Treatment,same_sentence,C5966160,concept:C5966160
PMC12215201_01,PMC12215201,2040,2048,1.1 g/dL,False,1.1,,,g/dL,g/dl,lab_concentration,2002,2009,albumin,Treatment,same_sentence,C5966160,concept:C5966160
PMC12215201_01,PMC12215201,3149,3156,2 weeks,False,2,,,weeks,weeks,time,3134,3148,cardiac arrest,Diagnosis,same_sentence,C0018790,concept:C0018790
PMC12832199_01,PMC12832199,181,187,2 days,False,2,,,days,days,time,153,161,vomiting,Symptom,same_sentence,C0042963,concept:C0042963
PMC12832199_01,PMC12832199,659,665,1 year,False,1,,,year,year,time,592,600,prolapse,Diagnosis,same_sentence,C0033377,concept:C0033377
PMC12832199_01,PMC12832199,670,678,3 months,False,3,,,months,months,time,592,600,prolapse,Diagnosis,same_sentence,C0033377,concept:C0033377
PMC12832199_01,PMC12832199,960,968,9.6 g/dL,False,9.6,,,g/dL,g/dl,lab_concentration,940,946,anemia,Diagnosis,same_sentence,C0002871,concept:C0002871
PMC12832199_01,PMC12832199,988,996,2.8 g/dL,False,2.8,,,g/dL,g/dl,lab_concentration,971,986,hypoalbuminemia,Diagnosis,same_sentence,C0239981,concept:C0239981
PMC12832199_01,PMC12832199,1036,1045,2.2 mg/dL,False,2.2,,,mg/dL,mg/dl,lab_concentration,1003,1022,acute kidney injury,Diagnosis,same_sentence,C0022660,concept:C0022660
PMC12832199_01,PMC12832199,1231,1237,6.5 cm,False,6.5,,,cm,cm,length,1165,1191,gastric outlet obstruction,Diagnosis,window_fallback,C0162651,concept:C0162651
PMC12832199_01,PMC12832199,1272,1278,5.5 cm,False,5.5,,,cm,cm,length,1165,1191,gastric outlet obstruction,Diagnosis,window_fallback,C0162651,concept:C0162651
PMC12832199_01,PMC12832199,2734,2741,18 days,False,18,,,days,days,time,2727,2733,repair,Treatment,same_sentence,C0374711,concept:C0374711
PMC12832199_01,PMC12832199,3771,3775,5 cm,False,5,,,cm,cm,length,3730,3745,intraperitoneal,Finding,same_sentence,C4760449,concept:C4760449
PMC12832199_01,PMC12832199,4036,4043,191 min,False,191,,,min,min,time,4057,4082,blood loss. Postoperative,Diagnosis,same_sentence_forward,C0032788,concept:C0032788
PMC12832199_01,PMC12832199,4172,4178,day 27,False,27,,,day,day,time,4149,4158,Endoscopy,Exam,same_sentence,C0014245,concept:C0014245
PMC12832199_01,PMC12832199,4452,4460,2 months,False,2,,,months,months,time,4440,4442,CT,Exam,same_sentence,C0040405,concept:C0040405
PMC12832199_01,PMC12832199,4930,4939,10 months,False,10,,,months,months,time,4903,4913,recurrence,Diagnosis,same_sentence,C2825055,concept:C2825055
PMC2700431_01,PMC2700431,954,960,day 15,False,15,,,day,day,time,889,900,nasogastric,BodyPart,window_fallback,C3282907,concept:C3282907
PMC2817501_01,PMC2817501,340,347,80 mmHg,False,80,,,mmHg,mmhg,pressure,321,335,blood pressure,Finding,same_sentence,C1271104,concept:C1271104
PMC2817501_01,PMC2817501,591,598,30 mmHg,False,30,,,mmHg,mmhg,pressure,485,517,Transesophageal echocardiography,Exam,same_sentence,C0206054,concept:C0206054
PMC2817501_01,PMC2817501,677,684,20 mmHg,False,20,,,mmHg,mmhg,pressure,612,642,rheumatic mitral valve disease,Diagnosis,same_sentence,C0264765,concept:C0264765
PMC2817501_01,PMC2817501,700,706,1.8 cm,False,1.8,,,cm,cm,length,612,642,rheumatic mitral valve disease,Diagnosis,same_sentence,C0264765,concept:C0264765
PMC2817501_01,PMC2817501,789,792,30%,False,30,,,%,%,percentage,756,785,ventricular ejection fraction,Exam,same_sentence,C0042508,concept:C0042508
PMC2817501_01,PMC2817501,832,839,68 mmHg,False,68,,,mmHg,mmhg,pressure,803,828,pulmonary artery pressure,Finding,same_sentence,C0428642,concept:C0428642
PMC2817501_01,PMC2817501,946,949,90%,False,90,,,%,%,percentage,914,936,Coronary arteriography,Exam,same_sentence,C0085532,concept:C0085532
PMC2817501_01,PMC2817501,1503,1508,29 mm,False,29,,,mm,mm,length,1517,1526,aortotomy,Treatment,same_sentence_forward,C0190267,concept:C0190267
PMC2817501_01,PMC2817501,1830,1835,21 mm,False,21,,,mm,mm,length,,,,,none,,
PMC3437073_01,PMC3437073,288,292,7 cm,False,7,,,cm,cm,length,205,216,tuberculous,Diagnosis,window_fallback,C0041296,concept:C0041296
PMC3437073_01,PMC3437073,546,550,8 cm,False,8,,,cm,cm,length,526,532,spleen,BodyPart,same_sentence,C0037993,concept:C0037993
PMC3437073_01,PMC3437073,1867,1873,300 mg,False,300,,,mg,mg,mass,1862,1865,INH,Treatment,same_sentence,C0022209,concept:C0022209
PMC3437073_01,PMC3437073,1887,1893,600 mg,False,600,,,mg,mg,mass,1862,1865,INH,Treatment,same_sentence,C0022209,concept:C0022209
PMC3437073_01,PMC3437073,1909,1915,600 mg,False,600,,,mg,mg,mass,1898,1908,Ethambutol,Treatment,same_sentence,C0014964,concept:C0014964
PMC3437073_01,PMC3437073,1936,1942,500 mg,False,500,,,mg,mg,mass,1898,1908,Ethambutol,Treatment,same_sentence,C0014964,concept:C0014964
PMC3437073_01,PMC3437073,1950,1957,5 weeks,False,5,,,weeks,weeks,time,1923,1942,Pyrazinamide 500 mg,Treatment,same_sentence,C1186764,concept:C1186764
PMC3557982_01,PMC3557982,412,418,6 days,False,6,,,days,days,time,,,,,none,,
PMC3557982_01,PMC3557982,1025,1032,"1,593 g",False,"1,593",,,g,g,mass,1006,1016,right lung,BodyPart,same_sentence,C0225706,concept:C0225706
PMC3557982_01,PMC3557982,1046,1053,"1,268 g",False,"1,268",,,g,g,mass,1006,1016,right lung,BodyPart,same_sentence,C0225706,concept:C0225706
PMC3557982_01,PMC3557982,1071,1080,350-450 g,True,,350,450,g,g,mass,1006,1016,right lung,BodyPart,same_sentence,C0225706,concept:C0225706
PMC3557982_01,PMC3557982,2536,2542,43-day,False,43,,,day,day,time,2496,2500,died,Finding,window_fallback,C1546956,concept:C1546956
PMC3859158_01,PMC3859158,35,42,4-month,False,4,,,month,month,time,60,75,epigastric pain,Symptom,same_sentence_forward,C0232493,concept:C0232493
PMC3859158_01,PMC3859158,997,1004,11.5 cm,False,11.5,,,cm,cm,length,967,975,CT) scan,Exam,same_sentence,C0040405,concept:C0040405
PMC3859158_01,PMC3859158,1715,1721,6.2 cm,False,6.2,,,cm,cm,length,1684,1699,pancreatic mass,Finding,same_sentence,C0877425,concept:C0877425
PMC3859158_01,PMC3859158,2739,2746,6-month,False,6,,,month,month,time,2711,2718,therapy,Treatment,window_fallback,C0087111,concept:C0087111
PMC3897989_01,PMC3897989,678,684,79 U/L,False,79,,,U/L,u/l,lab_concentration,610,625,total bilirubin,Exam,same_sentence,C0201913,concept:C0201913
PMC3897989_01,PMC3897989,686,694,5-45 U/L,True,,5,45,U/L,u/l,lab_concentration,610,625,total bilirubin,Exam,same_sentence,C0201913,concept:C0201913
PMC3897989_01,PMC3897989,697,703,51 U/L,False,51,,,U/L,u/l,lab_concentration,610,625,total bilirubin,Exam,same_sentence,C0201913,concept:C0201913
PMC3897989_01,PMC3897989,705,713,5-35 U/L,True,,5,35,U/L,u/l,lab_concentration,610,625,total bilirubin,Exam,same_sentence,C0201913,concept:C0201913
PMC3897989_01,PMC3897989,716,723,540 U/L,False,540,,,U/L,u/l,lab_concentration,610,625,total bilirubin,Exam,same_sentence,C0201913,concept:C0201913
PMC3897989_01,PMC3897989,725,735,30-110 U/L,True,,30,110,U/L,u/l,lab_concentration,610,625,total bilirubin,Exam,same_sentence,C0201913,concept:C0201913
PMC3897989_01,PMC3897989,738,745,197 U/L,False,197,,,U/L,u/l,lab_concentration,610,625,total bilirubin,Exam,same_sentence,C0201913,concept:C0201913
PMC3897989_01,PMC3897989,747,755,7-50 U/L,True,,7,50,U/L,u/l,lab_concentration,610,625,total bilirubin,Exam,same_sentence,C0201913,concept:C0201913
PMC3897989_01,PMC3897989,858,869,"3,180 mg/dL",False,"3,180",,,mg/dL,mg/dl,lab_concentration,841,844,IgG,Exam,same_sentence,C0202087,concept:C0202087
PMC3897989_01,PMC3897989,871,885,694-1620 mg/dL,True,,694,1620,mg/dL,mg/dl,lab_concentration,841,844,IgG,Exam,same_sentence,C0202087,concept:C0202087
PMC3897989_01,PMC3897989,891,900,344 mg/dL,False,344,,,mg/dL,mg/dl,lab_concentration,841,844,IgG,Exam,same_sentence,C0202087,concept:C0202087
PMC3897989_01,PMC3897989,902,914,60-263 mg/dL,True,,60,263,mg/dL,mg/dl,lab_concentration,841,844,IgG,Exam,same_sentence,C0202087,concept:C0202087
PMC3897989_01,PMC3897989,1745,1756,66.89 ng/mL,False,66.89,,,ng/mL,ng/ml,lab_concentration,1703,1708,tumor,Diagnosis,same_sentence,C0027651,concept:C0027651
PMC3897989_01,PMC3897989,1758,1767,0-5 ng/mL,True,,0,5,ng/mL,ng/ml,lab_concentration,1703,1708,tumor,Diagnosis,same_sentence,C0027651,concept:C0027651
PMC3897989_01,PMC3897989,2011,2016,0.5 g,False,0.5,,,g,g,mass,1972,1981,Infection,Diagnosis,same_sentence,C0009450,concept:C0009450
PMC3897989_01,PMC3897989,2021,2028,8 hours,False,8,,,hours,hours,time,1972,1981,Infection,Diagnosis,same_sentence,C0009450,concept:C0009450
PMC3897989_01,PMC3897989,2225,2231,250 mg,False,250,,,mg,mg,mass,2107,2116,elevation,Treatment,same_sentence,C0439775,concept:C0439775
PMC3897989_01,PMC3897989,2516,2523,44.36 g,False,44.36,,,g,g,mass,2477,2480,IgG,Exam,same_sentence,C0202087,concept:C0202087
PMC3897989_01,PMC3897989,2527,2535,0.03-2 g,True,,0.03,2,g,g,mass,2477,2480,IgG,Exam,same_sentence,C0202087,concept:C0202087
PMC3897989_01,PMC3897989,2958,2963,40 mg,False,40,,,mg,mg,mass,2932,2950,methylprednisolone,Treatment,same_sentence,C0025815,concept:C0025815
PMC3897989_01,PMC3897989,3068,3075,376 U/L,False,376,,,U/L,u/l,lab_concentration,3047,3062,steroid therapy,Treatment,same_sentence,C0149783,concept:C0149783
PMC3897989_01,PMC3897989,3077,3083,38 U/L,False,38,,,U/L,u/l,lab_concentration,3047,3062,steroid therapy,Treatment,same_sentence,C0149783,concept:C0149783
PMC3897989_01,PMC3897989,3156,3163,243 U/L,False,243,,,U/L,u/l,lab_concentration,3047,3062,steroid therapy,Treatment,same_sentence,C0149783,concept:C0149783
PMC3897989_01,PMC3897989,3165,3171,47 U/L,False,47,,,U/L,u/l,lab_concentration,3047,3062,steroid therapy,Treatment,same_sentence,C0149783,concept:C0149783
PMC3897989_01,PMC3897989,3173,3179,47 U/L,False,47,,,U/L,u/l,lab_concentration,3047,3062,steroid therapy,Treatment,same_sentence,C0149783,concept:C0149783
PMC3897989_01,PMC3897989,3283,3288,32 mg,False,32,,,mg,mg,mass,3253,3268,steroid therapy,Treatment,same_sentence,C0149783,concept:C0149783
PMC3897989_01,PMC3897989,3378,3383,32 mg,False,32,,,mg,mg,mass,3310,3315,liver,BodyPart,window_fallback,C0023884,concept:C0023884
PMC3897989_01,PMC3897989,3403,3408,16 mg,False,16,,,mg,mg,mass,3310,3315,liver,BodyPart,window_fallback,C0023884,concept:C0023884
PMC3897989_01,PMC3897989,3526,3533,40 days,False,40,,,days,days,time,3555,3558,IgG,Exam,same_sentence_forward,C0202087,concept:C0202087
PMC3897989_01,PMC3897989,3658,3665,135 U/L,False,135,,,U/L,u/l,lab_concentration,3576,3580,back,BodyPart,window_fallback,C1995000,concept:C1995000
PMC3897989_01,PMC3897989,3667,3674,134 U/L,False,134,,,U/L,u/l,lab_concentration,3576,3580,back,BodyPart,window_fallback,C1995000,concept:C1995000
PMC3897989_01,PMC3897989,3809,3813,5 mg,False,5,,,mg,mg,mass,3664,3670,"L, 134",Treatment,window_fallback,C0064458,concept:C0064458
PMC3897989_01,PMC3897989,3867,3874,40 days,False,40,,,days,days,time,,,,,none,,
PMC3897989_01,PMC3897989,4086,4092,500 mg,False,500,,,mg,mg,mass,4044,4057,herpes zoster,Diagnosis,same_sentence,C0019360,concept:C0019360
PMC3897989_01,PMC3897989,4110,4116,9 days,False,9,,,days,days,time,4075,4092,acyclovir (500 mg,Treatment,same_sentence,C5222310,concept:C5222310
PMC3917415_01,PMC3917415,34,42,23 years,False,23,,,years,years,time,55,58,SLE,Diagnosis,same_sentence_forward,C0024141,concept:C0024141
PMC3917415_01,PMC3917415,202,207,7.5mg,False,7.5,,,mg,mg,mass,181,193,prednisolone,Treatment,same_sentence,C0032950,concept:C0032950
PMC3917415_01,PMC3917415,232,236,50mg,False,50,,,mg,mg,mass,212,228,cyclophosphamide,Treatment,same_sentence,C0010583,concept:C0010583
PMC3917415_01,PMC3917415,300,305,5.6mL,False,5.6,,,mL,ml,volume,212,228,cyclophosphamide,Treatment,window_fallback,C0010583,concept:C0010583
PMC3917415_01,PMC3917415,482,489,66mg/dL,False,66,,,mg/dL,mg/dl,lab_concentration,371,398,chronic kidney disease (CKD,Diagnosis,window_fallback,C1561643,concept:C1561643
PMC3917415_01,PMC3917415,495,502,14mg/dL,False,14,,,mg/dL,mg/dl,lab_concentration,371,398,chronic kidney disease (CKD,Diagnosis,window_fallback,C1561643,concept:C1561643
PMC3917415_01,PMC3917415,577,582,6.5IU,False,6.5,,,IU,iu,dose_unit,558,571,antibody (IgG,Treatment,same_sentence,C0020852,concept:C0020852
PMC3950436_01,PMC3950436,39,44,40 kg,False,40,,,kg,kg,mass,,,,,none,,
PMC3950436_01,PMC3950436,1413,1420,74 mmHg,False,74,,,mmHg,mmhg,pressure,1389,1403,blood pressure,Finding,same_sentence,C1271104,concept:C1271104
PMC3950436_01,PMC3950436,1475,1478,98%,False,98,,,%,%,percentage,1446,1452,oxygen,Treatment,same_sentence,C0030054,concept:C0030054
PMC3950436_01,PMC3950436,1561,1567,120 mg,False,120,,,mg,mg,mass,1514,1522,Ketamine,Treatment,same_sentence,C0022614,concept:C0022614
PMC3950436_01,PMC3950436,1569,1573,3 mg,False,3,,,mg,mg,mass,1514,1522,Ketamine,Treatment,same_sentence,C0022614,concept:C0022614
PMC3950436_01,PMC3950436,1589,1594,10 ml,False,10,,,ml,ml,volume,1514,1522,Ketamine,Treatment,same_sentence,C0022614,concept:C0022614
PMC3950436_01,PMC3950436,1695,1701,80 mcg,False,80,,,mcg,mcg,mass,1713,1728,dexmedetomidine,Treatment,same_sentence_forward,C0113293,concept:C0113293
PMC3950436_01,PMC3950436,1703,1708,2 mcg,False,2,,,mcg,mcg,mass,1713,1728,dexmedetomidine,Treatment,same_sentence_forward,C0113293,concept:C0113293
PMC3950436_01,PMC3950436,1788,1793,10 ml,False,10,,,ml,ml,volume,1730,1738,Precedex,Treatment,same_sentence,C0876757,concept:C0876757
PMC3950436_01,PMC3950436,1814,1817,5 g,False,5,,,g,g,mass,1809,1813,EMLA,Treatment,same_sentence,C0059079,concept:C0059079
PMC3950436_01,PMC3950436,1824,1826,5%,False,5,,,%,%,percentage,1809,1813,EMLA,Treatment,same_sentence,C0059079,concept:C0059079
PMC3950436_01,PMC3950436,1931,1936,10 cm,False,10,,,cm,cm,length,1899,1919,planned tracheostomy,Treatment,same_sentence,C0189341,concept:C0189341
PMC3950436_01,PMC3950436,2200,2207,70 mmHg,False,70,,,mmHg,mmhg,pressure,2209,2211,HR,Finding,same_sentence_forward,C0332167,concept:C0332167
PMC3950436_01,PMC3950436,2244,2247,98%,False,98,,,%,%,percentage,2236,2238,O2,Treatment,same_sentence,C0030054,concept:C0030054
PMC3950436_01,PMC3950436,2251,2254,24G,False,24,,,G,g,mass,2236,2238,O2,Treatment,window_fallback,C0030054,concept:C0030054
PMC3950436_01,PMC3950436,2348,2352,5 ml,False,5,,,ml,ml,volume,2353,2362,lidocaine,Treatment,same_sentence_forward,C0023660,concept:C0023660
PMC3950436_01,PMC3950436,2363,2365,1%,False,1,,,%,%,percentage,2353,2362,lidocaine,Treatment,same_sentence,C0023660,concept:C0023660
PMC3950436_01,PMC3950436,2533,2539,6.0 mm,False,6.0,,,mm,mm,length,2510,2522,tracheostomy,Treatment,same_sentence,C0040590,concept:C0040590
PMC4073451_01,PMC4073451,893,902,14 months,False,14,,,months,months,time,909,922,decompression,Treatment,same_sentence_forward,C1829459,concept:C1829459
PMC4310058_01,PMC4310058,135,142,2 weeks,False,2,,,weeks,weeks,time,84,89,skull,BodyPart,window_fallback,C0037303,concept:C0037303
PMC4310058_01,PMC4310058,225,232,2 years,False,2,,,years,years,time,84,89,skull,BodyPart,window_fallback,C0037303,concept:C0037303
PMC4310058_01,PMC4310058,716,723,2 years,False,2,,,years,years,time,740,745,skull,BodyPart,same_sentence_forward,C0037303,concept:C0037303
PMC4310058_01,PMC4310058,1245,1249,5 cm,False,5,,,cm,cm,length,1130,1142,cranioplasty,Treatment,window_fallback,C0196112,concept:C0196112
PMC4310058_01,PMC4310058,1985,1990,day 2,False,2,,,day,day,time,,,,,none,,
PMC4782471_01,PMC4782471,73,77,5 mm,False,5,,,mm,mm,length,0,4,A 10,Treatment,same_sentence,C0052080,concept:C0052080
PMC4782471_01,PMC4782471,673,678,50 mg,False,50,,,mg,mg,mass,518,542,under general anesthesia,Finding,window_fallback,C1719976,concept:C1719976
PMC4782471_01,PMC4782471,949,955,1-week,False,1,,,week,week,time,889,905,persistent fever,Diagnosis,same_sentence,C0476474,concept:C0476474
PMC4782471_01,PMC4782471,1161,1166,60 mm,False,60,,,mm,mm,length,1138,1152,blood pressure,Finding,same_sentence,C1271104,concept:C1271104
PMC4782471_01,PMC4782471,1409,1415,120 mm,False,120,,,mm,mm,length,1366,1405,elevated erythrocyte sedimentation rate,Finding,same_sentence,C0151632,concept:C0151632
PMC4782471_01,PMC4782471,1441,1449,91 mg/dl,False,91,,,mg/dl,mg/dl,lab_concentration,1366,1405,elevated erythrocyte sedimentation rate,Finding,same_sentence,C0151632,concept:C0151632
PMC4782471_01,PMC4782471,1541,1544,6 g,False,6,,,g,g,mass,1494,1515,normal platelet count,Finding,same_sentence,C0427564,concept:C0427564
PMC4782471_01,PMC4782471,1708,1712,5 mm,False,5,,,mm,mm,length,1668,1684,Echocardiography,Exam,same_sentence,C0013516,concept:C0013516
PMC4782471_01,PMC4782471,1715,1719,6 mm,False,6,,,mm,mm,length,1708,1712,5 mm,Finding,same_sentence,C3840882,concept:C3840882
PMC4782471_01,PMC4782471,2291,2298,3 weeks,False,3,,,weeks,weeks,time,2272,2286,no improvement,Finding,same_sentence,C3844714,concept:C3844714
PMC4782471_01,PMC4782471,2918,2924,12 min,False,12,,,min,min,time,2878,2884,bypass,Treatment,same_sentence,C0813207,concept:C0813207
PMC4782471_01,PMC4782471,3254,3260,2 days,False,2,,,days,days,time,3249,3253,died,Finding,same_sentence,C1546956,concept:C1546956
PMC4828947_01,PMC4828947,627,632,1 min,False,1,,,min,min,time,589,597,seizures,Symptom,same_sentence,C0036572,concept:C0036572
PMC4828947_01,PMC4828947,679,686,1200 mg,False,1200,,,mg,mg,mass,665,678,oxcarbazepine,Treatment,same_sentence,C0069751,concept:C0069751
PMC4828947_01,PMC4828947,709,716,1500 mg,False,1500,,,mg,mg,mass,695,708,valproic acid,Treatment,same_sentence,C0042291,concept:C0042291
PMC4828947_01,PMC4828947,2843,2852,60 months,False,60,,,months,months,time,2859,2868,operation,Treatment,same_sentence_forward,C0543467,concept:C0543467
PMC4835621_01,PMC4835621,1668,1671,73%,False,73,,,%,%,percentage,1617,1639,white blood cell count,Exam,same_sentence,C0023508,concept:C0023508
PMC4835621_01,PMC4835621,1699,1708,11.3 g/dL,False,11.3,,,g/dL,g/dl,lab_concentration,1617,1639,white blood cell count,Exam,same_sentence,C0023508,concept:C0023508
PMC4835621_01,PMC4835621,1790,1794,2.4%,False,2.4,,,%,%,percentage,1768,1786,reticulocyte count,Exam,same_sentence,C0206161,concept:C0206161
PMC4835621_01,PMC4835621,2106,2114,405 IU/L,False,405,,,IU/L,iu/l,lab_concentration,2054,2061,Lactate,Treatment,same_sentence,C0376261,concept:C0376261
PMC4835621_01,PMC4835621,2149,2160,15.30 mg/dL,False,15.30,,,mg/dL,mg/dl,lab_concentration,2054,2061,Lactate,Treatment,window_fallback,C0376261,concept:C0376261
PMC4835621_01,PMC4835621,2261,2264,10%,False,10,,,%,%,percentage,2288,2298,antibodies,Treatment,same_sentence_forward,C0003241,concept:C0003241
PMC4835621_01,PMC4835621,2724,2730,3.5 cm,False,3.5,,,cm,cm,length,2710,2720,thickening,Finding,same_sentence,C0205400,concept:C0205400
PMC4835621_01,PMC4835621,3603,3610,10 days,False,10,,,days,days,time,3591,3602,treated for,Finding,same_sentence,C0332154,concept:C0332154
PMC4835621_01,PMC4835621,3907,3911,2.5%,False,2.5,,,%,%,percentage,,,,,none,,
PMC4835621_01,PMC4835621,3919,3923,0.7%,False,0.7,,,%,%,percentage,,,,,none,,
PMC4835621_01,PMC4835621,3928,3936,302 IU/L,False,302,,,IU/L,iu/l,lab_concentration,,,,,none,,
PMC4835621_01,PMC4835621,3944,3952,182 IU/L,False,182,,,IU/L,iu/l,lab_concentration,,,,,none,,
PMC4835621_01,PMC4835621,4081,4091,31.2 mg/dL,False,31.2,,,mg/dL,mg/dl,lab_concentration,4068,4075,therapy,Treatment,same_sentence,C0087111,concept:C0087111
PMC4835621_01,PMC4835621,4095,4105,99.3 mg/dL,False,99.3,,,mg/dL,mg/dl,lab_concentration,4068,4075,therapy,Treatment,same_sentence,C0087111,concept:C0087111
PMC5137649_01,PMC5137649,37,42,3-day,False,3,,,day,day,time,54,65,right flank,BodyPart,same_sentence_forward,C0733995,concept:C0733995
PMC5137649_01,PMC5137649,337,340,6cm,False,6,,,cm,cm,length,300,319,computed tomography,Exam,same_sentence,C0040405,concept:C0040405
PMC5137649_01,PMC5137649,516,519,6cm,False,6,,,cm,cm,length,441,448,EUS-FNA,Exam,same_sentence,C1880510,concept:C1880510
PMC5137649_01,PMC5137649,522,525,9cm,False,9,,,cm,cm,length,441,448,EUS-FNA,Exam,same_sentence,C1880510,concept:C1880510
PMC5137649_01,PMC5137649,780,790,476.5ng/ml,False,476.5,,,ng/ml,ng/ml,lab_concentration,737,761,carcinoembryonic antigen,Exam,same_sentence,C0201933,concept:C0201933
PMC5137649_01,PMC5137649,837,840,6iu,False,6,,,iu,iu,dose_unit,737,761,carcinoembryonic antigen,Exam,same_sentence,C0201933,concept:C0201933
PMC5137649_01,PMC5137649,2073,2078,9.5cm,False,9.5,,,cm,cm,length,1977,2000,no evidence of bleeding,Finding,window_fallback,C3843551,concept:C3843551
PMC5137649_01,PMC5137649,2081,2086,4.5cm,False,4.5,,,cm,cm,length,1977,2000,no evidence of bleeding,Finding,window_fallback,C3843551,concept:C3843551
PMC5137649_01,PMC5137649,2089,2094,2.0cm,False,2.0,,,cm,cm,length,1977,2000,no evidence of bleeding,Finding,window_fallback,C3843551,concept:C3843551
PMC5137649_01,PMC5137649,2216,2221,day 4,False,4,,,day,day,time,,,,,none,,
PMC5804616_01,PMC5804616,625,634,80.5 mmHg,False,80.5,,,mmHg,mmhg,pressure,600,606,oxygen,Treatment,same_sentence,C0030054,concept:C0030054
PMC5804616_01,PMC5804616,678,687,38.8 mmHg,False,38.8,,,mmHg,mmhg,pressure,644,658,carbon dioxide,Exam,same_sentence,C0201930,concept:C0201930
PMC5804616_01,PMC5804616,801,805,3 mm,False,3,,,mm,mm,length,718,737,computed tomography,Exam,same_sentence,C0040405,concept:C0040405
PMC5804616_01,PMC5804616,1315,1320,35 mg,False,35,,,mg,mg,mass,1243,1261,left main bronchus,BodyPart,same_sentence,C0225630,concept:C0225630
PMC5804616_01,PMC5804616,1450,1456,6.0 mm,False,6.0,,,mm,mm,length,1335,1354,Tracheal intubation,Treatment,same_sentence,C0021932,concept:C0021932
PMC5804616_01,PMC5804616,1476,1482,400 mm,False,400,,,mm,mm,length,1335,1354,Tracheal intubation,Treatment,same_sentence,C0021932,concept:C0021932
PMC5804616_01,PMC5804616,1527,1532,26 cm,False,26,,,cm,cm,length,1335,1354,Tracheal intubation,Treatment,same_sentence,C0021932,concept:C0021932
PMC5804616_01,PMC5804616,2681,2683,4%,False,4,,,%,%,percentage,2653,2663,anesthesia,Symptom,same_sentence,C0278134,concept:C0278134
PMC5804616_01,PMC5804616,2716,2722,1.5-2%,True,,1.5,2,%,%,percentage,2684,2695,sevoflurane,Treatment,same_sentence,C0074414,concept:C0074414
PMC5804616_01,PMC5804616,2872,2882,250-400 ml,True,,250,400,ml,ml,volume,2887,2892,10-20,Finding,same_sentence_forward,C1630409,concept:C1630409
PMC5804616_01,PMC5804616,2986,2990,6 ml,False,6,,,ml,ml,volume,2957,2975,abdominal incision,Treatment,same_sentence,C0198488,concept:C0198488
PMC5804616_01,PMC5804616,2994,2996,1%,False,1,,,%,%,percentage,2957,2975,abdominal incision,Treatment,same_sentence,C0198488,concept:C0198488
PMC5804616_01,PMC5804616,3067,3071,0.3%,False,0.3,,,%,%,percentage,3044,3063,continuous infusion,Treatment,same_sentence,C0444889,concept:C0444889
PMC5804616_01,PMC5804616,3097,3103,4-6 ml,True,,4,6,ml,ml,volume,3072,3083,ropivacaine,Treatment,same_sentence,C0073571,concept:C0073571
PMC5804616_01,PMC5804616,3190,3200,252.4 mmHg,False,252.4,,,mmHg,mmhg,pressure,3145,3172,Arterial blood gas analysis,Exam,same_sentence,C0150411,concept:C0150411
PMC5804616_01,PMC5804616,3213,3222,36.9 mmHg,False,36.9,,,mmHg,mmhg,pressure,3145,3172,Arterial blood gas analysis,Exam,same_sentence,C0150411,concept:C0150411
PMC5804616_01,PMC5804616,3385,3388,98%,False,98,,,%,%,percentage,3330,3356,arterial oxygen saturation,Exam,same_sentence,C0428175,concept:C0428175
PMC5804616_01,PMC5804616,3454,3460,60 min,False,60,,,min,min,time,3470,3477,surgery,Treatment,same_sentence_forward,C0543467,concept:C0543467
PMC5804616_01,PMC5804616,3512,3515,89%,False,89,,,%,%,percentage,3470,3477,surgery,Treatment,same_sentence,C0543467,concept:C0543467
PMC5804616_01,PMC5804616,4017,4027,101.7 mmHg,False,101.7,,,mmHg,mmhg,pressure,3972,3999,arterial blood gas analysis,Exam,same_sentence,C0150411,concept:C0150411
PMC5804616_01,PMC5804616,4250,4253,99%,False,99,,,%,%,percentage,4174,4192,right pneumothorax,Finding,same_sentence,C0546333,concept:C0546333
PMC5804616_01,PMC5804616,4398,4404,650 ml,False,650,,,ml,ml,volume,4408,4424,pleural effusion,Diagnosis,same_sentence_forward,C0032227,concept:C0032227
PMC5804616_01,PMC5804616,6828,6834,60 min,False,60,,,min,min,time,6840,6863,spontaneous respiration,Finding,same_sentence_forward,C0412771,concept:C0412771
PMC5804616_01,PMC5804616,6976,6979,89%,False,89,,,%,%,percentage,6919,6937,surgical procedure,Treatment,same_sentence,C0543467,concept:C0543467
PMC5804616_01,PMC5804616,7890,7894,2.1%,False,2.1,,,%,%,percentage,7843,7855,pneumothorax,Diagnosis,same_sentence,C0032326,concept:C0032326
PMC5833205_01,PMC5833205,155,162,2 weeks,False,2,,,weeks,weeks,time,137,154,periorbital edema,Diagnosis,same_sentence,C0151205,concept:C0151205
PMC5833205_01,PMC5833205,690,698,1.8 g/dL,False,1.8,,,g/dL,g/dl,lab_concentration,679,686,albumin,Treatment,same_sentence,C5966160,concept:C5966160
PMC5833205_01,PMC5833205,910,919,6.4 mg/dL,False,6.4,,,mg/dL,mg/dl,lab_concentration,877,894,microcytic anemia,Diagnosis,same_sentence,C5194182,concept:C5194182
PMC5833205_01,PMC5833205,1032,1040,1.6 g/dL,False,1.6,,,g/dL,g/dl,lab_concentration,1021,1028,albumin,Treatment,same_sentence,C5966160,concept:C5966160
PMC5833205_01,PMC5833205,1059,1067,3.0 g/dL,False,3.0,,,g/dL,g/dl,lab_concentration,1042,1055,total protein,Exam,same_sentence,C0555903,concept:C0555903
PMC5833205_01,PMC5833205,1181,1188,1.13 mg,False,1.13,,,mg,mg,mass,1080,1099,alpha-1-antitrypsin,Treatment,same_sentence,C0002191,concept:C0002191
PMC5833205_01,PMC5833205,1706,1711,20 mL,False,20,,,mL,ml,volume,1693,1704,transfusion,Treatment,same_sentence,C1879316,concept:C1879316
PMC5833205_01,PMC5833205,1798,1802,6 mg,False,6,,,mg,mg,mass,1773,1784,replacement,Treatment,same_sentence,C0035139,concept:C0035139
PMC5833205_01,PMC5833205,2206,2212,1 week,False,1,,,week,week,time,2180,2187,albumin,Treatment,same_sentence,C5966160,concept:C5966160
PMC5833205_01,PMC5833205,2254,2262,3 months,False,3,,,months,months,time,2271,2275,iron,Treatment,same_sentence_forward,C0302583,concept:C0302583
PMC5833205_01,PMC5833205,2313,2322,11.8 g/dL,False,11.8,,,g/dL,g/dl,lab_concentration,2276,2283,therapy,Treatment,same_sentence,C0087111,concept:C0087111
PMC5875137_01,PMC5875137,200,206,6.5 cm,False,6.5,,,cm,cm,length,166,181,aortic aneurysm,Diagnosis,same_sentence,C0003486,concept:C0003486
PMC5875137_01,PMC5875137,252,259,3 weeks,False,3,,,weeks,weeks,time,284,314,replacement of ascending aorta,Treatment,same_sentence_forward,C0729662,concept:C0729662
PMC5875137_01,PMC5875137,320,325,30 mm,False,30,,,mm,mm,length,284,314,replacement of ascending aorta,Treatment,same_sentence,C0729662,concept:C0729662
PMC6083636_P1,PMC6083636,228,235,9 years,False,9,,,years,years,time,,,,,none,,
PMC6083636_P1,PMC6083636,598,603,10 mg,False,10,,,mg,mg,mass,558,580,Cycloplegic refraction,Exam,same_sentence,C0855713,concept:C0855713
PMC6083636_P1,PMC6083636,1967,1974,23.5 mm,False,23.5,,,mm,mm,length,1911,1915,300A,Treatment,same_sentence,C0100700,concept:C0100700
PMC6083636_P1,PMC6083636,3124,3127,20%,False,20,,,%,%,percentage,3091,3097,scores,Finding,same_sentence,C0449820,concept:C0449820
PMC6134951_01,PMC6134951,461,464,40%,False,40,,,%,%,percentage,451,456,score,Finding,same_sentence,C0449820,concept:C0449820
PMC6134951_01,PMC6134951,1078,1084,600 mg,False,600,,,mg,mg,mass,1068,1077,alectinib,Treatment,same_sentence,C3853921,concept:C3853921
PMC6134951_01,PMC6134951,1164,1171,10 days,False,10,,,days,days,time,1132,1153,left-sided chest pain,Symptom,window_fallback,C0541828,concept:C0541828
PMC6134951_01,PMC6134951,2006,2011,30 mg,False,30,,,mg,mg,mass,1980,1990,prednisone,Treatment,same_sentence,C0032952,concept:C0032952
PMC6134951_01,PMC6134951,2015,2020,day 1,False,1,,,day,day,time,1980,1990,prednisone,Treatment,same_sentence,C0032952,concept:C0032952
PMC6134951_01,PMC6134951,2040,2045,20 mg,False,20,,,mg,mg,mass,1980,1990,prednisone,Treatment,same_sentence,C0032952,concept:C0032952
PMC6134951_01,PMC6134951,2085,2090,10 mg,False,10,,,mg,mg,mass,1980,1990,prednisone,Treatment,window_fallback,C0032952,concept:C0032952
PMC6134951_01,PMC6134951,2110,2116,5 days,False,5,,,days,days,time,2082,2087,at 10,Treatment,same_sentence,C0591126,concept:C0591126
PMC6134951_01,PMC6134951,2140,2146,7 days,False,7,,,days,days,time,2082,2087,at 10,Treatment,same_sentence,C0591126,concept:C0591126
PMC6134951_01,PMC6134951,2194,2199,50 mg,False,50,,,mg,mg,mass,2178,2193,diphenhydramine,Treatment,same_sentence,C0012522,concept:C0012522
PMC6134951_01,PMC6134951,2387,2392,1 day,False,1,,,day,day,time,2351,2358,febrile,Symptom,same_sentence,C0015967,concept:C0015967
PMC6134951_01,PMC6134951,2662,2668,1 week,False,1,,,week,week,time,2651,2661,brigatinib,Treatment,same_sentence,C4287815,concept:C4287815
PMC6343374_01,PMC6343374,38,44,2760 g,False,2760,,,g,g,mass,,,,,none,,
PMC6343374_01,PMC6343374,92,100,38 weeks,False,38,,,weeks,weeks,time,76,91,gestational age,Finding,same_sentence,C2053598,concept:C2053598
PMC6343374_01,PMC6343374,271,274,75%,False,75,,,%,%,percentage,232,245,truncal valve,BodyPart,same_sentence,C4253024,concept:C4253024
PMC6343374_01,PMC6343374,423,428,day 6,False,6,,,day,day,time,439,456,median sternotomy,Treatment,same_sentence_forward,C1282959,concept:C1282959
PMC6343374_01,PMC6343374,1385,1392,70 mmHg,False,70,,,mmHg,mmhg,pressure,,,,,none,,
PMC6343374_01,PMC6343374,1480,1488,2 months,False,2,,,months,months,time,1495,1502,surgery,Treatment,same_sentence_forward,C0543467,concept:C0543467
PMC6343374_01,PMC6343374,1582,1590,7 months,False,7,,,months,months,time,1613,1626,stent removal,Treatment,same_sentence_forward,C0522778,concept:C0522778
PMC6343374_01,PMC6343374,1831,1837,54-day,False,54,,,day,day,time,1768,1778,intubation,Treatment,window_fallback,C0021925,concept:C0021925
PMC6343374_01,PMC6343374,1895,1904,36 months,False,36,,,months,months,time,1875,1891,echocardiography,Exam,same_sentence,C0013516,concept:C0013516
PMC6343374_01,PMC6343374,2148,2153,12.5%,False,12.5,,,%,%,percentage,2049,2052,TAC,Treatment,window_fallback,C2962221,concept:C2962221
PMC6343374_01,PMC6343374,2620,2625,13.2%,False,13.2,,,%,%,percentage,2602,2609,surgery,Treatment,same_sentence,C0543467,concept:C0543467
PMC6343374_01,PMC6343374,3457,3461,5 mm,False,5,,,mm,mm,length,3411,3417,relief,Finding,same_sentence,C0564405,concept:C0564405
PMC6343374_01,PMC6343374,3464,3469,20 mm,False,20,,,mm,mm,length,3457,3461,5 mm,Finding,same_sentence,C3840882,concept:C3840882
PMC6343374_01,PMC6343374,3817,3820,33%,False,33,,,%,%,percentage,3706,3730,intravascular ultrasound,Exam,same_sentence,C1456025,concept:C1456025
PMC6343374_01,PMC6343374,3824,3832,6 months,False,6,,,months,months,time,3706,3730,intravascular ultrasound,Exam,same_sentence,C1456025,concept:C1456025
PMC6343374_01,PMC6343374,4215,4221,3 days,False,3,,,days,days,time,4148,4168,ST-segment elevation,Finding,same_sentence,C0520886,concept:C0520886
PMC6354154_01,PMC6354154,2075,2084,24 months,False,24,,,months,months,time,2109,2119,recurrence,Diagnosis,same_sentence_forward,C2825055,concept:C2825055
PMC6354154_01,PMC6354154,2337,2346,36 months,False,36,,,months,months,time,2321,2332,no response,Finding,window_fallback,C4282382,concept:C4282382
PMC6949661_01,PMC6949661,1138,1145,122 bpm,False,122,,,bpm,bpm,rate,1123,1134,tachycardia,Finding,same_sentence,C0039231,concept:C0039231
PMC6949661_01,PMC6949661,2579,2584,30 cm,False,30,,,cm,cm,length,2571,2578,jejunum,BodyPart,same_sentence,C0022378,concept:C0022378
PMC6949661_01,PMC6949661,2780,2786,130 cm,False,130,,,cm,cm,length,2759,2765,pushed,Diagnosis,same_sentence,C5686944,concept:C5686944
PMC6949661_01,PMC6949661,3034,3041,2 years,False,2,,,years,years,time,3045,3052,surgery,Treatment,same_sentence_forward,C0543467,concept:C0543467
PMC7086412_01,PMC7086412,94,102,40 weeks,False,40,,,weeks,weeks,time,77,85,Delivery,Treatment,same_sentence,C0011209,concept:C0011209
PMC7086412_01,PMC7086412,619,627,25 weeks,False,25,,,weeks,weeks,time,587,594,glucose,Treatment,same_sentence,C0017725,concept:C0017725
PMC7086412_01,PMC7086412,872,880,25 weeks,False,25,,,weeks,weeks,time,824,848,blood glucose monitoring,Treatment,same_sentence,C3669205,concept:C3669205
PMC7086412_01,PMC7086412,1547,1551,6.6%,False,6.6,,,%,%,percentage,1469,1480,abnormality,Finding,same_sentence,C1704258,concept:C1704258
PMC7086412_01,PMC7086412,2030,2038,36 hours,False,36,,,hours,hours,time,1987,1995,dilation,Diagnosis,same_sentence,C0012359,concept:C0012359
PMC7086412_02,PMC7086412,82,90,37 weeks,False,37,,,weeks,weeks,time,65,73,Delivery,Treatment,same_sentence,C0011209,concept:C0011209
PMC7086412_02,PMC7086412,543,547,5.0%,False,5.0,,,%,%,percentage,395,412,weeks gestational,Finding,window_fallback,C5203192,concept:C5203192
PMC7086412_02,PMC7086412,589,598,160 mg/dL,False,160,,,mg/dL,mg/dl,lab_concentration,,,,,none,,
PMC7086412_02,PMC7086412,628,636,hour 100,False,100,,,hour,hour,time,,,,,none,,
PMC7086412_02,PMC7086412,737,746,135 mg/dL,False,135,,,mg/dL,mg/dl,lab_concentration,665,672,fasting,Finding,same_sentence,C0015663,concept:C0015663
PMC7086412_02,PMC7086412,935,943,25 weeks,False,25,,,weeks,weeks,time,823,829,single,Finding,window_fallback,C0087136,concept:C0087136
PMC7086412_02,PMC7086412,988,996,36 weeks,False,36,,,weeks,weeks,time,938,955,weeks gestational,Finding,same_sentence,C5203192,concept:C5203192
PMC7086412_02,PMC7086412,1018,1025,36-week,False,36,,,week,week,time,991,1008,weeks gestational,Finding,window_fallback,C5203192,concept:C5203192
PMC7086412_02,PMC7086412,1125,1134,101 mg/dL,False,101,,,mg/dL,mg/dl,lab_concentration,1053,1060,fasting,Finding,same_sentence,C0015663,concept:C0015663
PMC7086412_02,PMC7086412,1488,1492,6.6%,False,6.6,,,%,%,percentage,1410,1421,abnormality,Finding,same_sentence,C1704258,concept:C1704258
PMC7086412_02,PMC7086412,1874,1882,24 hours,False,24,,,hours,hours,time,1845,1853,dilation,Diagnosis,same_sentence,C0012359,concept:C0012359
PMC7086412_02,PMC7086412,3076,3082,3590 g,False,3590,,,g,g,mass,3045,3053,delivery,Treatment,same_sentence,C0011209,concept:C0011209
PMC7102447_01,PMC7102447,154,159,33 mm,False,33,,,mm,mm,length,108,146,bioprosthetic mitral valve replacement,Treatment,same_sentence,C0553895,concept:C0553895
PMC7102447_01,PMC7102447,467,477,0.04 ng/mL,False,0.04,,,ng/mL,ng/ml,lab_concentration,411,434,left atrial enlargement,Finding,window_fallback,C0238705,concept:C0238705
PMC7102447_01,PMC7102447,519,529,21.2 ng/mL,False,21.2,,,ng/mL,ng/ml,lab_concentration,411,434,left atrial enlargement,Finding,window_fallback,C0238705,concept:C0238705
PMC7102447_01,PMC7102447,534,541,308 U/L,False,308,,,U/L,u/l,lab_concentration,411,434,left atrial enlargement,Finding,window_fallback,C0238705,concept:C0238705
PMC7102447_01,PMC7102447,1136,1145,20.1 mmHg,False,20.1,,,mmHg,mmhg,pressure,1092,1105,regurgitation,Symptom,same_sentence,C2004489,concept:C2004489
PMC7102447_01,PMC7102447,1164,1171,0.68 cm,False,0.68,,,cm,cm,length,1092,1105,regurgitation,Symptom,same_sentence,C2004489,concept:C2004489
PMC7102447_01,PMC7102447,1228,1236,6 months,False,6,,,months,months,time,1092,1105,regurgitation,Symptom,window_fallback,C2004489,concept:C2004489
PMC7102447_01,PMC7102447,1480,1485,33 mm,False,33,,,mm,mm,length,1460,1467,surgery,Treatment,same_sentence,C0543467,concept:C0543467
PMC7102447_01,PMC7102447,1789,1795,4 mmHg,False,4,,,mmHg,mmhg,pressure,1746,1772,mitral valve mean gradient,Finding,same_sentence,C5818474,concept:C5818474
PMC7519975_01,PMC7519975,1128,1135,65 mmHg,False,65,,,mmHg,mmhg,pressure,1081,1104,arterial blood pressure,Finding,same_sentence,C1272641,concept:C1272641
PMC7519975_01,PMC7519975,1637,1644,148 meq,False,148,,,meq,meq,dose_unit,1624,1636,serum sodium,Exam,same_sentence,C0523891,concept:C0523891
PMC7519975_01,PMC7519975,1668,1675,3.7 meq,False,3.7,,,meq,meq,dose_unit,1652,1667,serum potassium,Exam,same_sentence,C0302353,concept:C0302353
PMC7519975_01,PMC7519975,1692,1699,112 meq,False,112,,,meq,meq,dose_unit,1683,1691,chloride,Treatment,same_sentence,C0596019,concept:C0596019
PMC7519975_01,PMC7519975,1711,1716,17 mg,False,17,,,mg,mg,mass,1707,1710,BUN,Exam,same_sentence,C0005845,concept:C0005845
PMC7519975_01,PMC7519975,1739,1745,0.4 mg,False,0.4,,,mg,mg,mass,1707,1710,BUN,Exam,same_sentence,C0005845,concept:C0005845
PMC7519975_01,PMC7519975,1771,1777,125 mg,False,125,,,mg,mg,mass,1757,1770,serum glucose,Exam,same_sentence,C0202041,concept:C0202041
PMC7519975_01,PMC7519975,1803,1809,8.2 mg,False,8.2,,,mg,mg,mass,1789,1802,serum calcium,Exam,same_sentence,C0728876,concept:C0728876
PMC7519975_01,PMC7519975,2091,2098,30 days,False,30,,,days,days,time,2069,2083,cardiac arrest,Diagnosis,same_sentence,C0018790,concept:C0018790
PMC7519975_01,PMC7519975,3835,3842,60 mmHg,False,60,,,mmHg,mmhg,pressure,3795,3818,arterial blood pressure,Finding,same_sentence,C1272641,concept:C1272641
PMC7519975_01,PMC7519975,3893,3899,62 bpm,False,62,,,bpm,bpm,rate,3878,3883,heart,BodyPart,same_sentence,C0018787,concept:C0018787
PMC7519975_01,PMC7519975,4011,4017,88-90%,True,,88,90,%,%,percentage,3990,3996,oxygen,Treatment,same_sentence,C0030054,concept:C0030054
PMC7519975_01,PMC7519975,4441,4446,day 2,False,2,,,day,day,time,4289,4296,Surgery,Treatment,window_fallback,C0543467,concept:C0543467
PMC7519975_01,PMC7519975,4506,4511,day 3,False,3,,,day,day,time,4472,4483,vasopressor,Treatment,same_sentence,C0042397,concept:C0042397
PMC7519975_01,PMC7519975,4557,4562,day 4,False,4,,,day,day,time,4506,4511,day 3,Finding,window_fallback,C3842675,concept:C3842675
PMC7519975_01,PMC7519975,4742,4747,day 7,False,7,,,day,day,time,4720,4724,died,Finding,same_sentence,C1546956,concept:C1546956
PMC7718649_01,PMC7718649,108,113,10 mg,False,10,,,mg,mg,mass,89,92,SLE,Diagnosis,same_sentence,C0024141,concept:C0024141
PMC7718649_01,PMC7718649,156,161,0.2 g,False,0.2,,,g,g,mass,136,154,hydroxychloroquine,Treatment,same_sentence,C0020336,concept:C0020336
PMC7718649_01,PMC7718649,839,844,75 mg,False,75,,,mg,mg,mass,786,796,first time,Finding,same_sentence,C6068191,concept:C6068191
PMC7718649_01,PMC7718649,866,871,0.3 g,False,0.3,,,g,g,mass,858,865,arbidol,Treatment,same_sentence,C5399815,concept:C5399815
PMC7718649_01,PMC7718649,898,903,0.4 g,False,0.4,,,g,g,mass,858,865,arbidol,Treatment,same_sentence,C5399815,concept:C5399815
PMC7718649_01,PMC7718649,943,948,1.4 g,False,1.4,,,g,g,mass,858,865,arbidol,Treatment,same_sentence,C5399815,concept:C5399815
PMC7718649_01,PMC7718649,1099,1105,7 days,False,7,,,days,days,time,1089,1094,drugs,Treatment,same_sentence,C0013227,concept:C0013227
PMC7718649_01,PMC7718649,1562,1565,5 g,False,5,,,g,g,mass,1510,1530,human immunoglobulin,Treatment,same_sentence,C0358321,concept:C0358321
PMC7718649_01,PMC7718649,1651,1656,25 mg,False,25,,,mg,mg,mass,1639,1649,prednisone,Treatment,same_sentence,C0032952,concept:C0032952
PMC7718649_01,PMC7718649,1673,1679,5 days,False,5,,,days,days,time,1639,1649,prednisone,Treatment,same_sentence,C0032952,concept:C0032952
PMC7718649_01,PMC7718649,2558,2565,74 mmHg,False,74,,,mmHg,mmhg,pressure,2535,2549,blood pressure,Finding,same_sentence,C1271104,concept:C1271104
PMC7718649_01,PMC7718649,2740,2743,98%,False,98,,,%,%,percentage,2721,2726,nasal,Finding,same_sentence,C4520890,concept:C4520890
PMC7718649_01,PMC7718649,3112,3116,7.1%,False,7.1,,,%,%,percentage,3141,3146,sugar,Treatment,same_sentence_forward,C0242209,concept:C0242209
PMC7718649_01,PMC7718649,3163,3174,11.1 mmol/L,False,11.1,,,mmol/L,mmol/l,lab_concentration,3141,3146,sugar,Treatment,same_sentence,C0242209,concept:C0242209
PMC7718649_01,PMC7718649,3360,3365,25 mg,False,25,,,mg,mg,mass,3348,3358,Prednisone,Treatment,same_sentence,C0032952,concept:C0032952
PMC7718649_01,PMC7718649,3408,3413,0.2 g,False,0.2,,,g,g,mass,3388,3406,hydroxychloroquine,Treatment,same_sentence,C0020336,concept:C0020336
PMC7718649_01,PMC7718649,3504,3509,40 mg,False,40,,,mg,mg,mass,3480,3488,COVID-19,Diagnosis,window_fallback,C5203670,concept:C5203670
PMC7718649_01,PMC7718649,3607,3612,0.5 g,False,0.5,,,g,g,mass,3581,3591,prednisone,Treatment,window_fallback,C0032952,concept:C0032952
PMC7718649_01,PMC7718649,3709,3714,50 mg,False,50,,,mg,mg,mass,3682,3691,infection,Diagnosis,window_fallback,C0009450,concept:C0009450
PMC7718649_01,PMC7718649,4230,4235,15 mg,False,15,,,mg,mg,mass,4219,4226,reduced,Finding,same_sentence,C0392756,concept:C0392756
PMC7718649_01,PMC7718649,4274,4280,day 15,False,15,,,day,day,time,4250,4259,pneumonia,Diagnosis,window_fallback,C0032285,concept:C0032285
PMC7718649_01,PMC7718649,4879,4884,10 mg,False,10,,,mg,mg,mass,4868,4875,reduced,Finding,same_sentence,C0392756,concept:C0392756
PMC7718649_01,PMC7718649,4984,4990,day 16,False,16,,,day,day,time,4899,4908,pneumonia,Diagnosis,window_fallback,C0032285,concept:C0032285
PMC7718649_01,PMC7718649,5044,5050,day 20,False,20,,,day,day,time,5075,5085,wrist pain,Symptom,same_sentence_forward,C5970507,concept:C5970507
PMC7718649_01,PMC7718649,5103,5108,60 mg,False,60,,,mg,mg,mass,5091,5101,loxoprofen,Treatment,same_sentence,C0065199,concept:C0065199
PMC7718649_01,PMC7718649,5158,5164,day 22,False,22,,,day,day,time,5091,5101,loxoprofen,Treatment,window_fallback,C0065199,concept:C0065199
PMC7718649_01,PMC7718649,5672,5678,3 days,False,3,,,days,days,time,5648,5652,back,BodyPart,same_sentence,C1995000,concept:C1995000
PMC8627357_01,PMC8627357,1101,1104,88%,False,88,,,%,%,percentage,1090,1097,hypoxia,Diagnosis,same_sentence,C0242184,concept:C0242184
PMC9387390_01,PMC9387390,858,867,11 months,False,11,,,months,months,time,892,904,chemotherapy,Treatment,same_sentence_forward,C3665472,concept:C3665472
PMC9387390_01,PMC9387390,1489,1495,4 days,False,4,,,days,days,time,1374,1399,intra-abdominal abscesses,Diagnosis,window_fallback,C0243001,concept:C0243001
PMC9387390_01,PMC9387390,1691,1697,7 days,False,7,,,days,days,time,1667,1679,follow-up CT,Exam,same_sentence,C0202657,concept:C0202657
PMC9387390_01,PMC9387390,3672,3677,20 mm,False,20,,,mm,mm,length,3645,3653,drainage,Treatment,window_fallback,C0013103,concept:C0013103
PMC9387390_01,PMC9387390,3680,3685,10 mm,False,10,,,mm,mm,length,3645,3653,drainage,Treatment,window_fallback,C0013103,concept:C0013103
PMC9387390_01,PMC9387390,3944,3949,25 mm,False,25,,,mm,mm,length,3791,3815,delayed gastric emptying,Finding,window_fallback,C0740411,concept:C0740411
PMC9387390_01,PMC9387390,3952,3957,90 mm,False,90,,,mm,mm,length,3791,3815,delayed gastric emptying,Finding,window_fallback,C0740411,concept:C0740411
PMC9529523_01,PMC9529523,46,53,11-year,False,11,,,year,year,time,72,97,postpartum cardiomyopathy,Diagnosis,same_sentence_forward,C0269972,concept:C0269972
PMC9529523_01,PMC9529523,129,135,30-35%,True,,30,35,%,%,percentage,108,125,ejection fraction,Finding,same_sentence,C2700378,concept:C2700378
PMC9529523_01,PMC9529523,928,938,2317 mg/dL,False,2317,,,mg/dL,mg/dl,lab_concentration,914,917,IgG,Exam,same_sentence,C0202087,concept:C0202087
PMC9529523_01,PMC9529523,1413,1418,77 mm,False,77,,,mm,mm,length,1362,1402,elevated; erythrocyte sedimentation rate,Finding,same_sentence,C0151632,concept:C0151632
PMC9529523_01,PMC9529523,1453,1462,6.2 mg/dL,False,6.2,,,mg/dL,mg/dl,lab_concentration,1413,1418,77 mm,Treatment,same_sentence,C0960908,concept:C0960908
PMC9529523_01,PMC9529523,1698,1704,300 mg,False,300,,,mg,mg,mass,1679,1697,hydroxychloroquine,Treatment,same_sentence,C0020336,concept:C0020336
PMC9529523_01,PMC9529523,1712,1718,3.9 mg,False,3.9,,,mg,mg,mass,1679,1697,hydroxychloroquine,Treatment,same_sentence,C0020336,concept:C0020336
PMC9529523_01,PMC9529523,2239,2249,2.14 mg/dL,False,2.14,,,mg/dL,mg/dl,lab_concentration,2219,2235,serum creatinine,Exam,same_sentence,C0201976,concept:C0201976
PMC9529523_01,PMC9529523,2269,2278,1.0 mg/dL,False,1.0,,,mg/dL,mg/dl,lab_concentration,2219,2235,serum creatinine,Exam,same_sentence,C0201976,concept:C0201976
PMC9529523_01,PMC9529523,2315,2323,61 mg/dL,False,61,,,mg/dL,mg/dl,lab_concentration,2341,2354,urine protein,Exam,same_sentence_forward,C0262923,concept:C0262923
PMC9529523_01,PMC9529523,2330,2335,90 mm,False,90,,,mm,mm,length,2341,2354,urine protein,Exam,same_sentence_forward,C0262923,concept:C0262923
PMC9529523_01,PMC9529523,2411,2423,1232.1 ng/ml,False,1232.1,,,ng/ml,ng/ml,lab_concentration,2382,2400,hydroxychloroquine,Treatment,same_sentence,C0020336,concept:C0020336
PMC9529523_01,PMC9529523,2485,2495,1000 ng/mL,False,1000,,,ng/mL,ng/ml,lab_concentration,2450,2468,hydroxychloroquine,Treatment,same_sentence,C0020336,concept:C0020336
PMC9529523_01,PMC9529523,2635,2641,200 mg,False,200,,,mg,mg,mass,2596,2614,hydroxychloroquine,Treatment,same_sentence,C0020336,concept:C0020336
PMC9529523_01,PMC9529523,2649,2655,3.1 mg,False,3.1,,,mg,mg,mass,2596,2614,hydroxychloroquine,Treatment,same_sentence,C0020336,concept:C0020336
PMC9529523_01,PMC9529523,2990,2993,78%,False,78,,,%,%,percentage,2959,2985,forced vital capacity (FVC,Exam,same_sentence,C3714541,concept:C3714541
PMC9529523_01,PMC9529523,3032,3035,83%,False,83,,,%,%,percentage,2959,2985,forced vital capacity (FVC,Exam,same_sentence,C3714541,concept:C3714541
PMC9529523_01,PMC9529523,3053,3057,107%,False,107,,,%,%,percentage,2959,2985,forced vital capacity (FVC,Exam,same_sentence,C3714541,concept:C3714541
PMC9529523_01,PMC9529523,3146,3149,37%,False,37,,,%,%,percentage,3099,3105,carbon,Treatment,same_sentence,C0007009,concept:C0007009
PMC9529523_01,PMC9529523,3464,3466,5%,False,5,,,%,%,percentage,3360,3366,injury,Diagnosis,window_fallback,C3263722,concept:C3263722
PMC9529523_01,PMC9529523,3479,3483,125%,False,125,,,%,%,percentage,3360,3366,injury,Diagnosis,window_fallback,C3263722,concept:C3263722
PMC9529523_01,PMC9529523,3499,3508,995 pg/mL,False,995,,,pg/mL,pg/ml,lab_concentration,3360,3366,injury,Diagnosis,window_fallback,C3263722,concept:C3263722
PMC9529523_01,PMC9529523,4261,4270,1.5 weeks,False,1.5,,,weeks,weeks,time,4274,4295,mycophenolate mofetil,Treatment,same_sentence_forward,C0209368,concept:C0209368
PMC9529523_01,PMC9529523,4515,4518,10%,False,10,,,%,%,percentage,4475,4504,ventricular ejection fraction,Exam,same_sentence,C0042508,concept:C0042508
PMC9529523_01,PMC9529523,4547,4553,860 ml,False,860,,,ml,ml,volume,4520,4538,pericardiocentesis,Treatment,same_sentence,C0191234,concept:C0191234
PMC9529523_01,PMC9529523,4681,4689,17 mg/dL,False,17,,,mg/dL,mg/dl,lab_concentration,4648,4658,malignancy,Diagnosis,window_fallback,C0006826,concept:C0006826
PMC9529523_01,PMC9529523,5099,5108,274 ng/ml,False,274,,,ng/ml,ng/ml,lab_concentration,5070,5088,hydroxychloroquine,Treatment,same_sentence,C0020336,concept:C0020336
PMC9532611_01,PMC9532611,126,136,1.8 mmol/l,False,1.8,,,mmol/l,mmol/l,lab_concentration,55,59,a 12,Treatment,same_sentence,C0620347,concept:C0620347
PMC9532611_01,PMC9532611,189,196,94 mmHg,False,94,,,mmHg,mmhg,pressure,171,183,hypertension,Diagnosis,same_sentence,C0020538,concept:C0020538
PMC9532611_01,PMC9532611,296,302,142 cm,False,142,,,cm,cm,length,232,241,pregnancy,Finding,window_fallback,C0549206,concept:C0549206
PMC9532611_01,PMC9532611,322,327,44 kg,False,44,,,kg,kg,mass,232,241,pregnancy,Finding,window_fallback,C0549206,concept:C0549206
PMC9532611_01,PMC9532611,831,838,4 years,False,4,,,years,years,time,778,790,hypertension,Diagnosis,window_fallback,C0020538,concept:C0020538
PMC9532611_02,PMC9532611,195,200,49 kg,False,49,,,kg,kg,mass,113,137,increased blood pressure,Finding,window_fallback,C0497247,concept:C0497247
PMC9532611_02,PMC9532611,228,234,136 cm,False,136,,,cm,cm,length,113,137,increased blood pressure,Finding,window_fallback,C0497247,concept:C0497247
PMC9532611_02,PMC9532611,317,324,6 years,False,6,,,years,years,time,277,285,bone age,Finding,same_sentence,C0429620,concept:C0429620
PMC9969157_01,PMC9969157,31,38,7 weeks,False,7,,,weeks,weeks,time,,,,,none,,
PMC9969157_01,PMC9969157,640,645,5 min,False,5,,,min,min,time,574,581,Grimace,Symptom,same_sentence,C0239779,concept:C0239779
PMC9969157_01,PMC9969157,682,689,2.46 kg,False,2.46,,,kg,kg,mass,711,715,head,BodyPart,same_sentence_forward,C0018670,concept:C0018670
PMC9969157_01,PMC9969157,698,705,47.5 cm,False,47.5,,,cm,cm,length,711,715,head,BodyPart,same_sentence_forward,C0018670,concept:C0018670
PMC9969157_01,PMC9969157,730,737,32.5 cm,False,32.5,,,cm,cm,length,711,715,head,BodyPart,same_sentence,C0018670,concept:C0018670
PMC9969157_01,PMC9969157,902,905,10%,False,10,,,%,%,percentage,906,914,dextrose,Treatment,same_sentence_forward,C0017725,concept:C0017725
PMC9969157_01,PMC9969157,925,931,150 ml,False,150,,,ml,ml,volume,906,914,dextrose,Treatment,same_sentence,C0017725,concept:C0017725
PMC9969157_01,PMC9969157,1704,1709,0.5 g,False,0.5,,,g,g,mass,1577,1594,Enteral nutrition,Treatment,window_fallback,C0086225,concept:C0086225
PMC9969157_01,PMC9969157,1730,1735,0.5 g,False,0.5,,,g,g,mass,1577,1594,Enteral nutrition,Treatment,window_fallback,C0086225,concept:C0086225
PMC9969157_01,PMC9969157,1745,1753,5-7 days,True,,5,7,days,days,time,,,,,none,,
PMC9969157_01,PMC9969157,1798,1803,20 ml,False,20,,,ml,ml,volume,,,,,none,,
PMC9969157_01,PMC9969157,1830,1835,23 ml,False,23,,,ml,ml,volume,,,,,none,,
PMC9969157_01,PMC9969157,2138,2143,day 7,False,7,,,day,day,time,2000,2006,liquid,Finding,window_fallback,C1304698,concept:C1304698
PMC9969157_01,PMC9969157,2321,2326,day 9,False,9,,,day,day,time,2285,2302,Enteral nutrition,Treatment,window_fallback,C0086225,concept:C0086225
PMC9969157_01,PMC9969157,2613,2619,7 days,False,7,,,days,days,time,2573,2593,ampicillin-sulbactam,Treatment,same_sentence,C2930041,concept:C2930041
PMC9969157_01,PMC9969157,2649,2655,5 days,False,5,,,days,days,time,2631,2644,decompression,Treatment,same_sentence,C1829459,concept:C1829459
PMC9969157_01,PMC9969157,2714,2717,4 g,False,4,,,g,g,mass,2704,2707,TPN,Treatment,same_sentence,C0030548,concept:C0030548
PMC9969157_01,PMC9969157,2760,2765,15 mg,False,15,,,mg,mg,mass,2745,2753,infusion,Treatment,same_sentence,C0574032,concept:C0574032
PMC9969157_01,PMC9969157,2778,2781,2 g,False,2,,,g,g,mass,2745,2753,infusion,Treatment,same_sentence,C0574032,concept:C0574032
PMC9969157_01,PMC9969157,2789,2792,20%,False,20,,,%,%,percentage,2745,2753,infusion,Treatment,same_sentence,C0574032,concept:C0574032
PMC9969157_01,PMC9969157,3114,3120,day 33,False,33,,,day,day,time,3024,3030,liquid,Finding,window_fallback,C1304698,concept:C1304698
