head_cui,tail_cui,rela,relation,sab
C0000727,C0000726,has_finding_site,LOCATED_IN,SNOMEDCT_US
C0000731,C0000726,has_finding_site,LOCATED_IN,SNOMEDCT_US
C0000737,C0000726,has_finding_site,LOCATED_IN,SNOMEDCT_US
C0232498,C0000726,has_finding_site,LOCATED_IN,SNOMEDCT_US
C0234246,C0000726,has_finding_site,LOCATED_IN,SNOMEDCT_US
C0243001,C0000726,has_finding_site,LOCATED_IN,SNOMEDCT_US
C0277974,C0000726,has_finding_site,LOCATED_IN,SNOMEDCT_US
C0277978,C0000726,has_finding_site,LOCATED_IN,SNOMEDCT_US
C1112209,C0000726,has_finding_site,LOCATED_IN,SNOMEDCT_US
C5980104,C0000726,has_finding_site,LOCATED_IN,SNOMEDCT_US
C0019360,C0001367,may_be_treated_by,TREATED_WITH,MED-RT
C0001418,C0045010,may_treat,TREATED_WITH,MED-RT
C0001623,C0001625,finding_site_of,LOCATED_IN,SNOMEDCT_US
C0001623,C0010137,may_treat,TREATED_WITH,MED-RT
C0001623,C0011185,may_treat,TREATED_WITH,MED-RT
C0001623,C0020268,may_treat,TREATED_WITH,MED-RT
C0001623,C0025815,may_treat,TREATED_WITH,MED-RT
C0001623,C0032950,may_treat,TREATED_WITH,MED-RT
C0001623,C0032952,may_treat,TREATED_WITH,MED-RT
C0001627,C0020268,may_treat,TREATED_WITH,MED-RT
C0035435,C0001655,may_be_treated_by,TREATED_WITH,MED-RT
C0002880,C0010583,may_treat,TREATED_WITH,MED-RT
C0002880,C0032952,may_treat,TREATED_WITH,MED-RT
C0002880,C0085297,may_treat,TREATED_WITH,MED-RT
C0003241,C0002880,causative_agent_of,CAUSED_BY,SNOMEDCT_US
C0002962,C0017887,may_treat,TREATED_WITH,MED-RT
C0002962,C0018787,finding_site_of,LOCATED_IN,SNOMEDCT_US
C0002962,C0817096,finding_site_of,LOCATED_IN,SNOMEDCT_US
C0003486,C0003483,has_finding_site,LOCATED_IN,SNOMEDCT_US
C0003504,C0003501,has_finding_site,LOCATED_IN,SNOMEDCT_US
C0003615,C0003617,finding_site_of,LOCATED_IN,SNOMEDCT_US
C0085693,C0003617,has_finding_site,LOCATED_IN,SNOMEDCT_US
C0040021,C0003842,has_finding_site,LOCATED_IN,SNOMEDCT_US
C0004096,C0010137,may_treat,TREATED_WITH,MED-RT
C0004096,C0025815,may_treat,TREATED_WITH,MED-RT
C0004096,C0032950,may_treat,TREATED_WITH,MED-RT
C0004096,C0032952,may_treat,TREATED_WITH,MED-RT
C0004096,C0458827,finding_site_of,LOCATED_IN,SNOMEDCT_US
C0004144,C0024109,finding_site_of,LOCATED_IN,SNOMEDCT_US
C0004238,C0012373,may_treat,TREATED_WITH,MED-RT
C0004238,C0043031,may_treat,TREATED_WITH,MED-RT
C0004238,C0700579,may_treat,TREATED_WITH,MED-RT
C0024141,C0004482,may_be_treated_by,TREATED_WITH,MED-RT
C0008370,C0005400,has_finding_site,LOCATED_IN,SCTSPA
C0005684,C0005682,has_finding_site,LOCATED_IN,SNOMEDCT_US
C0007570,C0021853,finding_site_of,LOCATED_IN,SNOMEDCT_US
C0007785,C0019134,may_treat,TREATED_WITH,MED-RT
C0008031,C0817096,finding_site_of,LOCATED_IN,SNOMEDCT_US
C0008370,C0023884,finding_site_of,LOCATED_IN,SNOMEDCT_US
C0011991,C0008809,may_be_treated_by,TREATED_WITH,MED-RT
C0015967,C0008809,may_be_treated_by,TREATED_WITH,MED-RT
C1112209,C0008809,may_be_treated_by,TREATED_WITH,MED-RT
C0009319,C0009368,finding_site_of,LOCATED_IN,SNOMEDCT_US
C0162529,C0009368,has_finding_site,LOCATED_IN,SNOMEDCT_US
C0009806,C0021853,finding_site_of,LOCATED_IN,SNOMEDCT_US
C0024141,C0010137,may_be_treated_by,TREATED_WITH,MED-RT
C0035435,C0010137,may_be_treated_by,TREATED_WITH,MED-RT
C0041327,C0010137,may_be_treated_by,TREATED_WITH,MED-RT
C0024143,C0010583,may_be_treated_by,TREATED_WITH,MED-RT
C0035435,C0010583,may_be_treated_by,TREATED_WITH,MED-RT
C0024141,C0010592,may_be_treated_by,TREATED_WITH,MED-RT
C0013227,C0011609,causative_agent_of,CAUSED_BY,SCTSPA
C0024141,C0011777,may_be_treated_by,TREATED_WITH,MED-RT
C0027497,C0011777,may_be_treated_by,TREATED_WITH,MED-RT
C0035435,C0011777,may_be_treated_by,TREATED_WITH,MED-RT
C0036983,C0011777,may_be_treated_by,TREATED_WITH,MED-RT
C0041327,C0011777,may_be_treated_by,TREATED_WITH,MED-RT
C0042963,C0011777,may_be_treated_by,TREATED_WITH,MED-RT
C0020538,C0012373,may_be_treated_by,TREATED_WITH,MED-RT
C0027051,C0012373,may_be_treated_by,TREATED_WITH,MED-RT
C0027497,C0012522,may_be_treated_by,TREATED_WITH,MED-RT
C0018794,C0013030,may_be_treated_by,TREATED_WITH,MED-RT
C0020649,C0013030,may_be_treated_by,TREATED_WITH,MED-RT
C0428977,C0013030,may_be_treated_by,TREATED_WITH,MED-RT
C0013227,C0041755,has_causative_agent,CAUSED_BY,SNOMEDCT_US
C0013390,C0042149,finding_site_of,LOCATED_IN,SNOMEDCT_US
C0013604,C0020261,may_treat,TREATED_WITH,MED-RT
C0013604,C0032950,may_treat,TREATED_WITH,MED-RT
C0014175,C0045010,may_treat,TREATED_WITH,MED-RT
C0014544,C0042291,may_treat,TREATED_WITH,MED-RT
C0014544,C0069751,may_treat,TREATED_WITH,MED-RT
C0018790,C0014563,may_be_treated_by,TREATED_WITH,MED-RT
C0018794,C0014563,may_be_treated_by,TREATED_WITH,MED-RT
C0020649,C0014563,may_be_treated_by,TREATED_WITH,MED-RT
C0036983,C0014563,may_be_treated_by,TREATED_WITH,MED-RT
C0428977,C0014563,may_be_treated_by,TREATED_WITH,MED-RT
C0014868,C0028978,may_treat,TREATED_WITH,MED-RT
C0014868,C0014876,finding_site_of,LOCATED_IN,SNOMEDCT_US
C0018834,C0014876,has_finding_site,LOCATED_IN,SNOMEDCT_US
C0546837,C0014876,has_finding_site,LOCATED_IN,SNOMEDCT_US
C0577015,C0014876,has_finding_site,LOCATED_IN,SNOMEDCT_US
C0025323,C0014912,may_be_treated_by,TREATED_WITH,MED-RT
C0041296,C0014964,may_be_treated_by,TREATED_WITH,MED-RT
C0457436,C0015385,has_finding_site,LOCATED_IN,SNOMEDCT_US
C0015397,C0015392,has_finding_site,LOCATED_IN,SNOMEDCT_US
C0270996,C0015392,has_finding_site,LOCATED_IN,SNOMEDCT_US
C0314719,C0015392,has_finding_site,LOCATED_IN,SNOMEDCT_US
C0019080,C0015506,may_be_treated_by,TREATED_WITH,MED-RT
C0015644,C0027740,finding_site_of,LOCATED_IN,SNOMEDCT_US
C0019080,C0016006,may_be_treated_by,TREATED_WITH,MED-RT
C0016658,C0262950,finding_site_of,LOCATED_IN,SCTSPA
C0017152,C3714551,finding_site_of,LOCATED_IN,SNOMEDCT_US
C0017168,C0028978,may_treat,TREATED_WITH,MED-RT
C0032787,C0017725,may_be_treated_by,TREATED_WITH,MED-RT
C0018801,C0017887,may_be_treated_by,TREATED_WITH,MED-RT
C0020542,C0017887,may_be_treated_by,TREATED_WITH,MED-RT
C0027051,C0017887,may_be_treated_by,TREATED_WITH,MED-RT
C0018021,C0025644,may_treat,TREATED_WITH,MED-RT
C0018021,C0040123,may_treat,TREATED_WITH,MED-RT
C0018021,C0040165,may_treat,TREATED_WITH,MED-RT
C0018021,C0040132,finding_site_of,LOCATED_IN,SNOMEDCT_VET
C1851885,C0018494,has_finding_site,LOCATED_IN,SNOMEDCT_US
C0018674,C0018670,has_finding_site,LOCATED_IN,SNOMEDCT_US
C0018681,C0018670,has_finding_site,LOCATED_IN,SNOMEDCT_US
C0018799,C0018787,has_finding_site,LOCATED_IN,SNOMEDCT_US
C0018801,C0018787,has_finding_site,LOCATED_IN,SNOMEDCT_US
C0030252,C0018787,has_finding_site,LOCATED_IN,SNOMEDCT_US
C0151744,C0018787,has_finding_site,LOCATED_IN,SNOMEDCT_US
C0269972,C0018787,has_finding_site,LOCATED_IN,SNOMEDCT_US
C0577821,C0018787,has_finding_site,LOCATED_IN,SNOMEDCT_US
C0948089,C0018787,has_finding_site,LOCATED_IN,SNOMEDCT_US
C0018801,C0020261,may_treat,TREATED_WITH,MED-RT
C0018834,C0028978,may_treat,TREATED_WITH,MED-RT
C0027051,C0019134,may_be_treated_by,TREATED_WITH,MED-RT
C0032787,C0019134,may_be_treated_by,TREATED_WITH,MED-RT
C0034065,C0019134,may_be_treated_by,TREATED_WITH,MED-RT
C0019187,C0023884,finding_site_of,LOCATED_IN,SNOMEDCT_US
C0019360,C0027740,finding_site_of,LOCATED_IN,SCTSPA
C0020538,C0020261,may_be_treated_by,TREATED_WITH,MED-RT
C0021368,C0020268,may_be_treated_by,TREATED_WITH,MED-RT
C0035435,C0020268,may_be_treated_by,TREATED_WITH,MED-RT
C0024141,C0020336,may_be_treated_by,TREATED_WITH,MED-RT
C0035435,C0020336,may_be_treated_by,TREATED_WITH,MED-RT
C0020538,C0700579,may_treat,TREATED_WITH,MED-RT
C0020550,C0040132,finding_site_of,LOCATED_IN,SNOMEDCT_US
C0020649,C0028351,may_treat,TREATED_WITH,MED-RT
C0020676,C0040132,finding_site_of,LOCATED_IN,SNOMEDCT_US
C0021359,C0733758,may_treat,TREATED_WITH,MED-RT
C0021368,C0025815,may_treat,TREATED_WITH,MED-RT
C0021368,C0032950,may_treat,TREATED_WITH,MED-RT
C0021368,C0032952,may_treat,TREATED_WITH,MED-RT
C0151594,C0021853,has_finding_site,LOCATED_IN,SNOMEDCT_US
C0232693,C0021853,has_finding_site,LOCATED_IN,SNOMEDCT_US
C0278008,C0021853,has_finding_site,LOCATED_IN,SNOMEDCT_US
C0695242,C0021853,has_finding_site,LOCATED_IN,SNOMEDCT_US
C0041296,C0022209,may_be_treated_by,TREATED_WITH,MED-RT
C0030193,C0022614,may_be_treated_by,TREATED_WITH,MED-RT
C0022660,C0022646,has_finding_site,LOCATED_IN,SNOMEDCT_US
C0022661,C0022646,has_finding_site,LOCATED_IN,SNOMEDCT_US
C1561643,C0022646,has_finding_site,LOCATED_IN,SNOMEDCT_US
C0030193,C0023660,may_be_treated_by,TREATED_WITH,MED-RT
C0024050,C0226875,finding_site_of,LOCATED_IN,SNOMEDCT_US
C0024110,C0024109,has_finding_site,LOCATED_IN,SNOMEDCT_US
C0034079,C0024109,has_finding_site,LOCATED_IN,SNOMEDCT_US
C0041327,C0024109,has_finding_site,LOCATED_IN,SNOMEDCT_US
C0876973,C0024109,has_finding_site,LOCATED_IN,SNOMEDCT_US
C0024141,C0025815,may_treat,TREATED_WITH,MED-RT
C0024141,C0032950,may_treat,TREATED_WITH,MED-RT
C0024141,C0032952,may_treat,TREATED_WITH,MED-RT
C0030193,C0025376,may_be_treated_by,TREATED_WITH,MED-RT
C0028754,C0025611,may_be_treated_by,TREATED_WITH,MED-RT
C0035435,C0025815,may_be_treated_by,TREATED_WITH,MED-RT
C0039103,C0025815,may_be_treated_by,TREATED_WITH,MED-RT
C0041327,C0025815,may_be_treated_by,TREATED_WITH,MED-RT
C0026266,C0026264,has_finding_site,LOCATED_IN,SNOMEDCT_US
C0026269,C0026264,has_finding_site,LOCATED_IN,SNOMEDCT_US
C0264765,C0026264,has_finding_site,LOCATED_IN,SNOMEDCT_US
C0027051,C0700579,may_treat,TREATED_WITH,MED-RT
C0270933,C0027740,has_finding_site,LOCATED_IN,SCTSPA
C0393847,C0027740,has_finding_site,LOCATED_IN,SCTSPA
C0429379,C0027740,has_finding_site,LOCATED_IN,SCTSPA
C0442874,C0027740,has_finding_site,LOCATED_IN,SCTSPA
C0029456,C0262950,finding_site_of,LOCATED_IN,SNOMEDCT_US
C0032285,C0030054,may_be_treated_by,TREATED_WITH,MED-RT
C0035229,C0030054,may_be_treated_by,TREATED_WITH,MED-RT
C0030193,C0074414,may_treat,TREATED_WITH,MED-RT
C0030193,C0113293,may_treat,TREATED_WITH,MED-RT
C0030305,C0030274,has_finding_site,LOCATED_IN,SNOMEDCT_US
C0877425,C0030274,has_finding_site,LOCATED_IN,SNOMEDCT_US
C0347944,C0030797,has_finding_site,LOCATED_IN,SNOMEDCT_US
C0032787,C0043031,may_treat,TREATED_WITH,MED-RT
C0035435,C0032950,may_be_treated_by,TREATED_WITH,MED-RT
C0039103,C0032950,may_be_treated_by,TREATED_WITH,MED-RT
C0040034,C0032950,may_be_treated_by,TREATED_WITH,MED-RT
C0041327,C0032950,may_be_treated_by,TREATED_WITH,MED-RT
C0035435,C0032952,may_be_treated_by,TREATED_WITH,MED-RT
C0039103,C0032952,may_be_treated_by,TREATED_WITH,MED-RT
C0041327,C0032952,may_be_treated_by,TREATED_WITH,MED-RT
C0034065,C0043031,may_treat,TREATED_WITH,MED-RT
C0034642,C0817096,finding_site_of,LOCATED_IN,SNOMEDCT_US
C0267596,C0034896,has_finding_site,LOCATED_IN,SNOMEDCT_US
C0240916,C0035298,has_finding_site,LOCATED_IN,SNOMEDCT_US
C0043352,C0036098,has_finding_site,LOCATED_IN,SNOMEDCT_US
C5546448,C0037925,has_finding_site,LOCATED_IN,SNOMEDCT_US
C0272412,C0037993,has_finding_site,LOCATED_IN,SNOMEDCT_US
C0117002,C0040132,has_finding_site,LOCATED_IN,SNOMEDCT_US
C0040961,C0040960,has_finding_site,LOCATED_IN,SNOMEDCT_US
C0042133,C0042149,finding_site_of,LOCATED_IN,SNOMEDCT_US
C1384674,C0042149,has_finding_site,LOCATED_IN,SNOMEDCT_US
C0042487,C0042449,has_finding_site,LOCATED_IN,SNOMEDCT_US
C5970507,C0043262,has_finding_site,LOCATED_IN,SNOMEDCT_US
C0243026,C0085297,may_be_treated_by,TREATED_WITH,MED-RT
C0085695,C3714551,finding_site_of,LOCATED_IN,SNOMEDCT_US
C0149721,C0225897,finding_site_of,LOCATED_IN,SNOMEDCT_VET
C0232493,C0230185,has_finding_site,LOCATED_IN,SNOMEDCT_US
C0232494,C0230185,has_finding_site,LOCATED_IN,SNOMEDCT_US
C0232292,C0817096,finding_site_of,LOCATED_IN,SNOMEDCT_US
C0232492,C2937240,finding_site_of,LOCATED_IN,SNOMEDCT_US
C0520679,C0458827,has_finding_site,LOCATED_IN,SNOMEDCT_US
C0541828,C0817096,finding_site_of,LOCATED_IN,SNOMEDCT_US
C0546837,C3658706,may_treat,TREATED_WITH,MED-RT
C0740411,C3714551,finding_site_of,LOCATED_IN,SNOMEDCT_US
C5394701,C0817096,has_finding_site,LOCATED_IN,SNOMEDCT_US
